"nombrep","codigogrupop","nombreh","codigogrupoh","nombre_mat","codigo_materia","codenservicio_mat"
"MATERIAS BASICAS","2436","MATEMATICA","4083","ALGEBRA LINEAL","18811","1021"
"MATERIAS BASICAS","2436","MATEMATICA","4083","ALGEBRA LINEAL I","24392","SRN03"
"MATERIAS BASICAS","2436","MATEMATICA","4083","ALGEBRA LINEAL II","24408","SRN10"
"MATERIAS BASICAS","2436","MATEMATICA","4083","ANALISIS COMPLEJO","21315","CP7"
"MATERIAS BASICAS","2436","MATEMATICA","4083","ANALISIS MATEMATICO I","21309","CP1"
"MATERIAS BASICAS","2436","MATEMATICA","4083","ANALISIS MATEMATICO I (1ER.SEM.)","18632","CP44"
"MATERIAS BASICAS","2436","MATEMATICA","4083","ANALISIS MATEMATICO I (2DO.SEM.)","18631","CP45"
"MATERIAS BASICAS","2436","MATEMATICA","4083","ANALISIS MATEMATICO II","21314","CP6"
"MATERIAS BASICAS","2436","MATEMATICA","4083","ANALISIS MATEMATICO II (1ER.SEM.)","18636","CP48"
"MATERIAS BASICAS","2436","MATEMATICA","4083","ANALISIS MATEMATICO II (2DO.SEM.)","18635","CP49"
"MATERIAS BASICAS","2436","MATEMATICA","4083","ANALISIS MATEMATICO II (P. 74)","18608","CP25"
"MATERIAS BASICAS","2436","MATEMATICA","4083","ANALISIS MATEMATICO I (P. 74)","18615","CP22"
"MATERIAS BASICAS","2436","MATEMATICA","4083","CALCULO 1","18856","1070"
"MATERIAS BASICAS","2436","MATEMATICA","4083","CALCULO 1","18812","1020"
"MATERIAS BASICAS","2436","MATEMATICA","4083","CALCULO 1 (ANUAL)","18849","1052"
"MATERIAS BASICAS","2436","MATEMATICA","4083","CALCULO 2","18808","1022"
"MATERIAS BASICAS","2436","MATEMATICA","4083","CALCULO 2","18855","1072"
"MATERIAS BASICAS","2436","MATEMATICA","4083","CALCULO 3","18810","1024"
"MATERIAS BASICAS","2436","MATEMATICA","4083","CALCULO 3","18858","1076"
"MATERIAS BASICAS","2436","MATEMATICA","4083","CALCULO DIF. E INTEGRAL EN UNA VARIABLE","47537","1061"
"MATERIAS BASICAS","2436","MATEMATICA","4083","CALCULO DIF. E INTEGRAL EN VARIAS VARIABLES","49465","1062"
"MATERIAS BASICAS","2436","MATEMATICA","4083","CÁLCULO I","24391","SRN02"
"MATERIAS BASICAS","2436","MATEMATICA","4083","CÁLCULO II","24398","SRN09"
"MATERIAS BASICAS","2436","MATEMATICA","4083","CALCULO VECTORIAL","52226","1063"
"MATERIAS BASICAS","2436","MATEMATICA","4083","CÁLCULO VECTORIAL","24892","CIM10"
"MATERIAS BASICAS","2436","MATEMATICA","4083","CODIGOS PARA CORRECCION DE ERRORES","62424","2415"
"MATERIAS BASICAS","2436","MATEMATICA","4083","COMBINATORIA ANALITICA","18794","1012"
"MATERIAS BASICAS","2436","MATEMATICA","4083","CREDITOS ASIGNADOS POR REVALIDA","21507","MA29"
"MATERIAS BASICAS","2436","MATEMATICA","4083","CREDITOS ASIGNADOS POR REVALIDA","21688","MA5"
"MATERIAS BASICAS","2436","MATEMATICA","4083","CREDITOS ASIGNADOS POR REVALIDA","21732","MEC"
"MATERIAS BASICAS","2436","MATEMATICA","4083","CREDITOS ASIGNADOS POR REVALIDA","21267","M9"
"MATERIAS BASICAS","2436","MATEMATICA","4083","CREDITOS ASIGNADOS POR REVALIDA","38088","M09"
"MATERIAS BASICAS","2436","MATEMATICA","4083","CREDITOS ASIGNADOS POR REVALIDA","44178","M5"
"MATERIAS BASICAS","2436","MATEMATICA","4083","CREDITOS ASIGNADOS POR REVALIDA","38091","MA015"
"MATERIAS BASICAS","2436","MATEMATICA","4083","CREDITOS ASIGNADOS POR REVALIDA","36557","MA48"
"MATERIAS BASICAS","2436","MATEMATICA","4083","CREDITOS ASIGNADOS POR REVALIDA","36560","MA11"
"MATERIAS BASICAS","2436","MATEMATICA","4083","CREDITOS ASIGNADOS POR REVALIDA","36558","MA020"
"MATERIAS BASICAS","2436","MATEMATICA","4083","CREDITOS ASIGNADOS POR REVALIDA","21626","CAL12"
"MATERIAS BASICAS","2436","MATEMATICA","4083","CREDITOS ASIGNADOS POR REVALIDA","21627","CAL10"
"MATERIAS BASICAS","2436","MATEMATICA","4083","CREDITOS ASIGNADOS POR REVALIDA","21705","M24"
"MATERIAS BASICAS","2436","MATEMATICA","4083","CREDITOS ASIGNADOS POR REVALIDA","21702","M12"
"MATERIAS BASICAS","2436","MATEMATICA","4083","CREDITOS ASIGNADOS POR REVALIDA","21271","M1"
"MATERIAS BASICAS","2436","MATEMATICA","4083","CREDITOS ASIGNADOS POR REVALIDA","21695","MC3"
"MATERIAS BASICAS","2436","MATEMATICA","4083","CREDITOS ASIGNADOS POR REVALIDA","21745","MC13"
"MATERIAS BASICAS","2436","MATEMATICA","4083","CREDITOS ASIGNADOS POR REVALIDA","21698","MA9"
"MATERIAS BASICAS","2436","MATEMATICA","4083","CREDITOS ASIGNADOS POR REVALIDA","21334","GAL7"
"MATERIAS BASICAS","2436","MATEMATICA","4083","CREDITOS ASIGNADOS POR REVALIDA","21744","MAT10"
"MATERIAS BASICAS","2436","MATEMATICA","4083","CREDITOS ASIGNADOS POR REVALIDA","21727","MAT33"
"MATERIAS BASICAS","2436","MATEMATICA","4083","CREDITOS ASIGNADOS POR REVALIDA","21561","MAT6"
"MATERIAS BASICAS","2436","MATEMATICA","4083","CREDITOS ASIGNADOS POR REVALIDA","21562","MAT8"
"MATERIAS BASICAS","2436","MATEMATICA","4083","CREDITOS ASIGNADOS POR REVALIDA","21514","MA10"
"MATERIAS BASICAS","2436","MATEMATICA","4083","CREDITOS ASIGNADOS POR REVALIDA","21511","MA15"
"MATERIAS BASICAS","2436","MATEMATICA","4083","CREDITOS ASIGNADOS POR REVALIDA","21512","MA16"
"MATERIAS BASICAS","2436","MATEMATICA","4083","CREDITOS ASIGNADOS POR REVALIDA","21510","MA20"
"MATERIAS BASICAS","2436","MATEMATICA","4083","CREDITOS ASIGNADOS POR REVALIDA","21509","MA24"
"MATERIAS BASICAS","2436","MATEMATICA","4083","CREDITOS ASIGNADOS POR REVALIDA","21508","MA25"
"MATERIAS BASICAS","2436","MATEMATICA","4083","CREDITOS ASIGNADOS POR REVALIDA","21690","MA3"
"MATERIAS BASICAS","2436","MATEMATICA","4083","CREDITOS NO ACUM PROBABILIDAD Y ESTADISTICA","66867","1025T"
"MATERIAS BASICAS","2436","MATEMATICA","4083","CRIPTOGRAFIA:ASPECTOS TEOR. Y PRACTICOS","18853","1059"
"MATERIAS BASICAS","2436","MATEMATICA","4083","ECUACIONES DIFERENCIALES","18820","1028"
"MATERIAS BASICAS","2436","MATEMATICA","4083","ECUACIONES DIFERENCIALES","24889","CIM24"
"MATERIAS BASICAS","2436","MATEMATICA","4083","ECUACIONES DIFERENCIALES","18860","1074"
"MATERIAS BASICAS","2436","MATEMATICA","4083","ESTADISTICA ESPACIAL","43655","GP5"
"MATERIAS BASICAS","2436","MATEMATICA","4083","FUNCIONES DE VARIABLE COMPLEJA","55775","1066"
"MATERIAS BASICAS","2436","MATEMATICA","4083","GEOMETRIA Y ALGEBRA LINEAL","21310","CP2"
"MATERIAS BASICAS","2436","MATEMATICA","4083","GEOMETRIA Y ALGEBRA LINEAL 1","18854","1071"
"MATERIAS BASICAS","2436","MATEMATICA","4083","GEOMETRIA Y ALGEBRA LINEAL 1","18815","1030"
"MATERIAS BASICAS","2436","MATEMATICA","4083","GEOMETRIA Y ALGEBRA LINEAL 1 (ANUAL)","18846","1053"
"MATERIAS BASICAS","2436","MATEMATICA","4083","GEOMETRIA Y ALGEBRA LINEAL (1ER.SEM.)","18634","CP46"
"MATERIAS BASICAS","2436","MATEMATICA","4083","GEOMETRIA Y ALGEBRA LINEAL 1 INTERACTIVA","74520","GAL1P"
"MATERIAS BASICAS","2436","MATEMATICA","4083","GEOMETRIA Y ALGEBRA LINEAL 2","18843","1058"
"MATERIAS BASICAS","2436","MATEMATICA","4083","GEOMETRIA Y ALGEBRA LINEAL 2","18814","1031"
"MATERIAS BASICAS","2436","MATEMATICA","4083","GEOMETRIA Y ALGEBRA LINEAL (2DO.SEM.)","18633","CP47"
"MATERIAS BASICAS","2436","MATEMATICA","4083","GEOMETRIA Y ALGEBRA LINEAL (P. 74)","18614","CP23"
"MATERIAS BASICAS","2436","MATEMATICA","4083","INFERENCIA II  (ESTADISTICA BAYESIANA)","18850","1049"
"MATERIAS BASICAS","2436","MATEMATICA","4083","INT. A LAS ECUACIONES DIFERENCIALES","52227","1064"
"MATERIAS BASICAS","2436","MATEMATICA","4083","INT. A LA TEORIA DE LA INFORMACION","18436","1450"
"MATERIAS BASICAS","2436","MATEMATICA","4083","INT. A LA TOPOLOGIA","21480","C461"
"MATERIAS BASICAS","2436","MATEMATICA","4083","LOGICA","18823","1027"
"MATERIAS BASICAS","2436","MATEMATICA","4083","LOGICA","21312","CP4"
"MATERIAS BASICAS","2436","MATEMATICA","4083","LOGICA MODALIDAD AL REVES","45920","1013"
"MATERIAS BASICAS","2436","MATEMATICA","4083","LOGICA Y COMPUTACION","18797","1010"
"MATERIAS BASICAS","2436","MATEMATICA","4083","MATEMATICA DISCRETA 1","18807","1023"
"MATERIAS BASICAS","2436","MATEMATICA","4083","MATEMATICA DISCRETA 2","18822","1026"
"MATERIAS BASICAS","2436","MATEMATICA","4083","MATEMÁTICA DISCRETA 2- CIM-CIOCT","24891","CIM11"
"MATERIAS BASICAS","2436","MATEMATICA","4083","MATEMÁTICA DISCRETA I","24415","SRN14"
"MATERIAS BASICAS","2436","MATEMATICA","4083","MATEMATICA INICIAL","57687","MI2"
"MATERIAS BASICAS","2436","MATEMATICA","4083","MATEMATICA INICIAL-OPTATIVA","61481","SRN45"
"MATERIAS BASICAS","2436","MATEMATICA","4083","PROBABILIDAD Y ESTADISTICA","18857","1075"
"MATERIAS BASICAS","2436","MATEMATICA","4083","PROBABILIDAD Y ESTADISTICA","18809","1025"
"MATERIAS BASICAS","2436","MATEMATICA","4083","PROBABILIDAD Y ESTADÍSTICA","23998","CH201"
"MATERIAS BASICAS","2436","MATEMATICA","4083","TEMAS AVANZADOS EN CÓDIGOS PARA CORRECCIÓN DE ERRORES","77568","1899"
"MATERIAS BASICAS","2436","MATEMATICA","4083","TEORIA ALGEBRAICA DE GRAFOS","18826","1043"
"MATERIAS BASICAS","2436","MATEMATICA","4083","TEORIA DE COD. ALGEB. PARA CORR. DE ERRORES","52932","1065"
"MATERIAS BASICAS","2436","MATEMATICA","4083","TEORIA DE COD. ALGEB. PARA CORR. DE ERRORES","18827","1042"
"MATERIAS BASICAS","2436","MATEMATICA","4083","TEORIA DE CODIGOS","18831","1046"
"MATERIAS BASICAS","2436","MATEMATICA","4083","TEORIA DE CODIGOS AVANZADO","18795","1011"
"MATERIAS BASICAS","2436","MATEMATICA","4083","TEORÍA DE JUEGOS","14207","D87"
"MATERIAS BASICAS","2436","MATEMATICA","4083","TEORIA DE JUEGOS Y PROG. FUNCIONAL","18818","1034"
"MATERIAS BASICAS","2436","MATEMATICA","4083","TEORIA DE JUEGOS Y PROG. FUNCIONAL","18833","1037"
"MATERIAS BASICAS","2436","MATEMATICA","4083","TOPOLOGÍA","24887","CIM22"
"MATERIAS BASICAS","2436","MATEMATICA","4083","TOPOLOGIA Y ANALISIS REAL","71545","1886"
"MATERIAS BASICAS","2436","MATEMATICA","4083","TUTORIA EN MATEMATICA","18559","1233"
"MATERIAS BASICAS","2436","CIENCIAS EXPERIMENTALES","4442","BIOQUÍMICA 1 (2020-","63384","MHC16"
"MATERIAS BASICAS","2436","CIENCIAS EXPERIMENTALES","4442","CREDITOS ASIGNADOS POR REVALIDA","21423","FL8"
"MATERIAS BASICAS","2436","CIENCIAS EXPERIMENTALES","4442","CREDITOS ASIGNADOS POR REVALIDA","21080","F2"
"MATERIAS BASICAS","2436","CIENCIAS EXPERIMENTALES","4442","CREDITOS ASIGNADOS POR REVALIDA","21403","F66"
"MATERIAS BASICAS","2436","CIENCIAS EXPERIMENTALES","4442","CREDITOS ASIGNADOS POR REVALIDA","40765","CE5"
"MATERIAS BASICAS","2436","CIENCIAS EXPERIMENTALES","4442","CREDITOS ASIGNADOS POR REVALIDA","44182","CE10"
"MATERIAS BASICAS","2436","CIENCIAS EXPERIMENTALES","4442","CREDITOS ASIGNADOS POR REVALIDA","21415","FA4"
"MATERIAS BASICAS","2436","CIENCIAS EXPERIMENTALES","4442","CREDITOS ASIGNADOS POR REVALIDA","37783","CE12"
"MATERIAS BASICAS","2436","CIENCIAS EXPERIMENTALES","4442","CREDITOS ASIGNADOS POR REVALIDA","21115","CEX28"
"MATERIAS BASICAS","2436","CIENCIAS EXPERIMENTALES","4442","CREDITOS ASIGNADOS POR REVALIDA","20509","CE11"
"MATERIAS BASICAS","2436","CIENCIAS EXPERIMENTALES","4442","CREDITOS ASIGNADOS POR REVALIDA","21394","CE2"
"MATERIAS BASICAS","2436","CIENCIAS EXPERIMENTALES","4442","CREDITOS ASIGNADOS POR REVALIDA","21417","FA8"
"MATERIAS BASICAS","2436","CIENCIAS EXPERIMENTALES","4442","CREDITOS ASIGNADOS POR REVALIDA","21566","FF10"
"MATERIAS BASICAS","2436","CIENCIAS EXPERIMENTALES","4442","CREDITOS ASIGNADOS POR REVALIDA","21078","FG"
"MATERIAS BASICAS","2436","CIENCIAS EXPERIMENTALES","4442","CREDITOS ASIGNADOS POR REVALIDA","21427","FG2"
"MATERIAS BASICAS","2436","CIENCIAS EXPERIMENTALES","4442","CREDITOS ASIGNADOS POR REVALIDA","18521","FIS14"
"MATERIAS BASICAS","2436","CIENCIAS EXPERIMENTALES","4442","CREDITOS ASIGNADOS POR REVALIDA","21717","FIS8"
"MATERIAS BASICAS","2436","CIENCIAS EXPERIMENTALES","4442","CREDITOS ASIGNADOS POR REVALIDA","21759","FI10"
"MATERIAS BASICAS","2436","CIENCIAS EXPERIMENTALES","4442","CREDITOS ASIGNADOS POR REVALIDA","21419","FL1"
"MATERIAS BASICAS","2436","CIENCIAS EXPERIMENTALES","4442","CREDITOS ASIGNADOS POR REVALIDA","21418","FL2"
"MATERIAS BASICAS","2436","CIENCIAS EXPERIMENTALES","4442","FISICA 1","18490","1151"
"MATERIAS BASICAS","2436","CIENCIAS EXPERIMENTALES","4442","FISICA 1","18485","1171"
"MATERIAS BASICAS","2436","CIENCIAS EXPERIMENTALES","4442","FÍSICA 1","25003","REF04"
"MATERIAS BASICAS","2436","CIENCIAS EXPERIMENTALES","4442","FISICA 1A CIOCT 2023","73725","SRN50"
"MATERIAS BASICAS","2436","CIENCIAS EXPERIMENTALES","4442","FISICA 2","18488","1152"
"MATERIAS BASICAS","2436","CIENCIAS EXPERIMENTALES","4442","FISICA 2","18862","1077"
"MATERIAS BASICAS","2436","CIENCIAS EXPERIMENTALES","4442","FÍSICA 2","24407","SRN11"
"MATERIAS BASICAS","2436","CIENCIAS EXPERIMENTALES","4442","FISICA 3","18483","1173"
"MATERIAS BASICAS","2436","CIENCIAS EXPERIMENTALES","4442","FISICA 3","18489","1153"
"MATERIAS BASICAS","2436","CIENCIAS EXPERIMENTALES","4442","FÍSICA 3","24405","SRN26"
"MATERIAS BASICAS","2436","CIENCIAS EXPERIMENTALES","4442","FISICA GENERAL 1","18486","1170"
"MATERIAS BASICAS","2436","CIENCIAS EXPERIMENTALES","4442","FISICA GENERAL 1","18453","1120"
"MATERIAS BASICAS","2436","CIENCIAS EXPERIMENTALES","4442","FISICA GENERAL 2","18457","1121"
"MATERIAS BASICAS","2436","CIENCIAS EXPERIMENTALES","4442","FISICA GENERAL 2","18484","1172"
"MATERIAS BASICAS","2436","CIENCIAS EXPERIMENTALES","4442","FÍSICA IA- LDI.CIOCT","41510","REF05"
"MATERIAS BASICAS","2436","CIENCIAS EXPERIMENTALES","4442","FÍSICA I B CIO CT-LDI","41511","REF06"
"MATERIAS BASICAS","2436","CIENCIAS EXPERIMENTALES","4442","FISICA III (P. 74)","18629","CP43"
"MATERIAS BASICAS","2436","CIENCIAS EXPERIMENTALES","4442","FISICA II (P. 74)","18630","CP42"
"MATERIAS BASICAS","2436","CIENCIAS EXPERIMENTALES","4442","FISICA I (P. 74)","18637","CP41"
"MATERIAS BASICAS","2436","CIENCIAS EXPERIMENTALES","4442","GENÉTICA GENERAL","65354","MHC24"
"MATERIAS BASICAS","2436","CIENCIAS EXPERIMENTALES","4442","GENÓMICA","65352","MHC20"
"MATERIAS BASICAS","2436","CIENCIAS EXPERIMENTALES","4442","INT. A LA FISICA MODERNA","18515","1131"
"MATERIAS BASICAS","2436","CIENCIAS EXPERIMENTALES","4442","INTRODUCCIÓN A LAS CIENCIAS BIOLÓGICAS II (TEÓRICO)","65448","203EU"
"MATERIAS BASICAS","2436","CIENCIAS EXPERIMENTALES","4442","MECANICA GENERAL I","19545","CP217"
"MATERIAS BASICAS","2436","CIENCIAS EXPERIMENTALES","4442","MECANICA GENERAL II (P. 74)","18638","CP40"
"MATERIAS BASICAS","2436","CIENCIAS EXPERIMENTALES","4442","MECANICA GENERAL I (P. 74)","18611","CP26"
"MATERIAS BASICAS","2436","CIENCIAS EXPERIMENTALES","4442","MECANICA I","21311","CP3"
"MATERIAS BASICAS","2436","CIENCIAS EXPERIMENTALES","4442","MECANICA II","21316","CP8"
"MATERIAS BASICAS","2436","CIENCIAS EXPERIMENTALES","4442","MECANICA I (TRANSICION)","18651","CP17"
"MATERIAS BASICAS","2436","CIENCIAS EXPERIMENTALES","4442","METODOS CUANTITATIVOS III - PAYSANDU","63689","M000"
"MATERIAS BASICAS","2436","CIENCIAS EXPERIMENTALES","4442","MM. CC. III - (MTDEO) - DISEÑO Y ANALISIS DE EXPERIMENTOS","63618","M001"
"BASICO-TEC,TECNICAS E INTEG.","3215","GESTION EN ORGANIZACIONES","4066","ADMINISTRACION GENERAL PARA INGENIEROS","20484","1944"
"BASICO-TEC,TECNICAS E INTEG.","3215","GESTION EN ORGANIZACIONES","4066","CAMBIO ORGANIZACIONAL","37476","A83"
"BASICO-TEC,TECNICAS E INTEG.","3215","GESTION EN ORGANIZACIONES","4066","COMUNICACIÓN ESTRATÉGICA","36901","O1145"
"BASICO-TEC,TECNICAS E INTEG.","3215","GESTION EN ORGANIZACIONES","4066","CONTROL DE CALIDAD","20449","1901"
"BASICO-TEC,TECNICAS E INTEG.","3215","GESTION EN ORGANIZACIONES","4066","CONTROL DE CALIDAD","20864","1510"
"BASICO-TEC,TECNICAS E INTEG.","3215","GESTION EN ORGANIZACIONES","4066","CREDITOS ASIGNADOS POR REVALIDA","21468","GO9"
"BASICO-TEC,TECNICAS E INTEG.","3215","GESTION EN ORGANIZACIONES","4066","CREDITOS ASIGNADOS POR REVALIDA","44186","GO10"
"BASICO-TEC,TECNICAS E INTEG.","3215","GESTION EN ORGANIZACIONES","4066","CREDITOS ASIGNADOS POR REVALIDA","21166","GA10"
"BASICO-TEC,TECNICAS E INTEG.","3215","GESTION EN ORGANIZACIONES","4066","CREDITOS ASIGNADOS POR REVALIDA","21471","GO6"
"BASICO-TEC,TECNICAS E INTEG.","3215","GESTION EN ORGANIZACIONES","4066","CREDITOS ASIGNADOS POR REVALIDA","21467","GO8"
"BASICO-TEC,TECNICAS E INTEG.","3215","GESTION EN ORGANIZACIONES","4066","GESTION DE CALIDAD","20462","1921"
"BASICO-TEC,TECNICAS E INTEG.","3215","GESTION EN ORGANIZACIONES","4066","GESTION DE CALIDAD","20481","1940"
"BASICO-TEC,TECNICAS E INTEG.","3215","GESTION EN ORGANIZACIONES","4066","GESTION DE CALIDAD","66458","1954"
"BASICO-TEC,TECNICAS E INTEG.","3215","GESTION EN ORGANIZACIONES","4066","GESTIÓN DE LA INNOVACIÓN Y LA TECNOLOGÍA","3452","A62"
"BASICO-TEC,TECNICAS E INTEG.","3215","GESTION EN ORGANIZACIONES","4066","GESTIÓN DE PROYECTOS","63430","AT010"
"BASICO-TEC,TECNICAS E INTEG.","3215","GESTION EN ORGANIZACIONES","4066","INT. A LA ADMINISTRACION PARA INGENIEROS","20859","1519"
"BASICO-TEC,TECNICAS E INTEG.","3215","GESTION EN ORGANIZACIONES","4066","INT. A LAS ORGANIZACIONES","20871","1507"
"BASICO-TEC,TECNICAS E INTEG.","3215","GESTION EN ORGANIZACIONES","4066","INT. AL NEGOCIO DEL SOFTWARE","36914","1543"
"BASICO-TEC,TECNICAS E INTEG.","3215","GESTION EN ORGANIZACIONES","4066","INTRODUCCIÓN AL EMPRENDEDURISMO","3453","A65"
"BASICO-TEC,TECNICAS E INTEG.","3215","GESTION EN ORGANIZACIONES","4066","INTRODUCCIÓN A LOS SISTEMAS DE GESTIÓN","65435","618EU"
"BASICO-TEC,TECNICAS E INTEG.","3215","GESTION EN ORGANIZACIONES","4066","LEGISLACION Y RELACIONES INDUSTRIALES","22336","2401"
"BASICO-TEC,TECNICAS E INTEG.","3215","GESTION EN ORGANIZACIONES","4066","ORGANIZACION DE EMPRESAS (P. 74)","19220","CP375"
"BASICO-TEC,TECNICAS E INTEG.","3215","GESTION EN ORGANIZACIONES","4066","ORGANIZACIONES PARA INGENIEROS","20476","1930"
"BASICO-TEC,TECNICAS E INTEG.","3215","GESTION EN ORGANIZACIONES","4066","ORGANIZACIONES Y SU ADMINISTRACION","20868","1514"
"BASICO-TEC,TECNICAS E INTEG.","3215","GESTION EN ORGANIZACIONES","4066","PLANIFICACIÓN ESTRATÉGICA","14205","D85"
"BASICO-TEC,TECNICAS E INTEG.","3215","GESTION EN ORGANIZACIONES","4066","PRACTICA DE ADMINISTRACION PARA INGENIEROS","20487","1945"
"BASICO-TEC,TECNICAS E INTEG.","3215","GESTION EN ORGANIZACIONES","4066","PROPIEDAD INTELECTUAL","63466","559EU"
"BASICO-TEC,TECNICAS E INTEG.","3215","GESTION EN ORGANIZACIONES","4066","PROSPECTIVA ESTRATÉGICA: CON LA MIRADA EN EL FUTURO","61572","I87"
"BASICO-TEC,TECNICAS E INTEG.","3215","GESTION EN ORGANIZACIONES","4066","SOCIOLOGÍA DE LA EMPRESA Y MANAGEMENT","58006","S42"
"BASICO-TEC,TECNICAS E INTEG.","3215","ARQUIT, S.OP. Y REDES DE COMP.","4428","ANALISIS Y DISEÑO DE ALGORIT.DISTRIB.EN REDES","18415","1440"
"BASICO-TEC,TECNICAS E INTEG.","3215","ARQUIT, S.OP. Y REDES DE COMP.","4428","ARQUITECTURA DE COMPUTADORAS","79424","1466"
"BASICO-TEC,TECNICAS E INTEG.","3215","ARQUIT, S.OP. Y REDES DE COMP.","4428","ARQUITECTURA DE COMPUTADORAS","18414","1443"
"BASICO-TEC,TECNICAS E INTEG.","3215","ARQUIT, S.OP. Y REDES DE COMP.","4428","ARQUITECTURA DE COMPUTADORES 1","18420","1424"
"BASICO-TEC,TECNICAS E INTEG.","3215","ARQUIT, S.OP. Y REDES DE COMP.","4428","ARQUITECTURA DE COMPUTADORES 2","18419","1425"
"BASICO-TEC,TECNICAS E INTEG.","3215","ARQUIT, S.OP. Y REDES DE COMP.","4428","ARQUITECTURA DE SISTEMAS","18617","CP28"
"BASICO-TEC,TECNICAS E INTEG.","3215","ARQUIT, S.OP. Y REDES DE COMP.","4428","ARQUITECTURA DE SISTEMAS (P. 74)","19225","CP383"
"BASICO-TEC,TECNICAS E INTEG.","3215","ARQUIT, S.OP. Y REDES DE COMP.","4428","ASPECTOS AVANZ. DE ARQ.DE COMPUTADORAS","18430","1444"
"BASICO-TEC,TECNICAS E INTEG.","3215","ARQUIT, S.OP. Y REDES DE COMP.","4428","ASPECTOS AVANZ. DE REDES DE COMPUTADORAS","18428","1448"
"BASICO-TEC,TECNICAS E INTEG.","3215","ARQUIT, S.OP. Y REDES DE COMP.","4428","ASPECTOS BASICOS DE REDES DE COMPUT","37735","1454"
"BASICO-TEC,TECNICAS E INTEG.","3215","ARQUIT, S.OP. Y REDES DE COMP.","4428","CODIFICACION DE FUENTES SIN PERDIDA","19784","5813"
"BASICO-TEC,TECNICAS E INTEG.","3215","ARQUIT, S.OP. Y REDES DE COMP.","4428","COMPL.ARQUITECTURA DE COMPUTADORAS","37127","1453"
"BASICO-TEC,TECNICAS E INTEG.","3215","ARQUIT, S.OP. Y REDES DE COMP.","4428","COMPUTACION CUANTICA","18421","1427"
"BASICO-TEC,TECNICAS E INTEG.","3215","ARQUIT, S.OP. Y REDES DE COMP.","4428","COMPUTACION DE ALTA PERFORMANCE","18425","1430"
"BASICO-TEC,TECNICAS E INTEG.","3215","ARQUIT, S.OP. Y REDES DE COMP.","4428","COMPUTACION DE ALTA PERFORMANCE","18408","1434"
"BASICO-TEC,TECNICAS E INTEG.","3215","ARQUIT, S.OP. Y REDES DE COMP.","4428","COMPUTACION DE ALTA PERFORMANCE","18390","1415"
"BASICO-TEC,TECNICAS E INTEG.","3215","ARQUIT, S.OP. Y REDES DE COMP.","4428","COMPUT.DE PR.GRAL.EN UNID.DE PROC.GRAF.","18433","1447"
"BASICO-TEC,TECNICAS E INTEG.","3215","ARQUIT, S.OP. Y REDES DE COMP.","4428","COMUNICACION DE DATOS","19229","CP364"
"BASICO-TEC,TECNICAS E INTEG.","3215","ARQUIT, S.OP. Y REDES DE COMP.","4428","CREDITOS ASIGNADOS POR REVALIDA","38210","AR6"
"BASICO-TEC,TECNICAS E INTEG.","3215","ARQUIT, S.OP. Y REDES DE COMP.","4428","CREDITOS ASIGNADOS POR REVALIDA","36555","AR015"
"BASICO-TEC,TECNICAS E INTEG.","3215","ARQUIT, S.OP. Y REDES DE COMP.","4428","CREDITOS ASIGNADOS POR REVALIDA","41058","AR12"
"BASICO-TEC,TECNICAS E INTEG.","3215","ARQUIT, S.OP. Y REDES DE COMP.","4428","CREDITOS ASIGNADOS POR REVALIDA","42966","AR20"
"BASICO-TEC,TECNICAS E INTEG.","3215","ARQUIT, S.OP. Y REDES DE COMP.","4428","CREDITOS ASIGNADOS POR REVALIDA","21274","AA9"
"BASICO-TEC,TECNICAS E INTEG.","3215","ARQUIT, S.OP. Y REDES DE COMP.","4428","CREDITOS ASIGNADOS POR REVALIDA","20135","AR15"
"BASICO-TEC,TECNICAS E INTEG.","3215","ARQUIT, S.OP. Y REDES DE COMP.","4428","CREDITOS ASIGNADOS POR REVALIDA","20142","AR30"
"BASICO-TEC,TECNICAS E INTEG.","3215","ARQUIT, S.OP. Y REDES DE COMP.","4428","CREDITOS ASIGNADOS POR REVALIDA","21123","AR8"
"BASICO-TEC,TECNICAS E INTEG.","3215","ARQUIT, S.OP. Y REDES DE COMP.","4428","CRIPTOGRAFIA","42488","1545"
"BASICO-TEC,TECNICAS E INTEG.","3215","ARQUIT, S.OP. Y REDES DE COMP.","4428","CURVAS ELIPTICAS EN CRIPTOGRAFIA","18416","1441"
"BASICO-TEC,TECNICAS E INTEG.","3215","ARQUIT, S.OP. Y REDES DE COMP.","4428","DISEÑO LOGICO","19619","1512C"
"BASICO-TEC,TECNICAS E INTEG.","3215","ARQUIT, S.OP. Y REDES DE COMP.","4428","DISEÑO LOGICO","18647","CP51"
"BASICO-TEC,TECNICAS E INTEG.","3215","ARQUIT, S.OP. Y REDES DE COMP.","4428","DISEÑO TOPOLOGICO DE REDES","18423","1429"
"BASICO-TEC,TECNICAS E INTEG.","3215","ARQUIT, S.OP. Y REDES DE COMP.","4428","ESTUDIO COMPLEMENTARIO EN SIST. OPERAT.","18393","1412"
"BASICO-TEC,TECNICAS E INTEG.","3215","ARQUIT, S.OP. Y REDES DE COMP.","4428","FUNDAMENTOS DE SEGURIDAD INFORMATICA","20741","5915"
"BASICO-TEC,TECNICAS E INTEG.","3215","ARQUIT, S.OP. Y REDES DE COMP.","4428","FUNDAMENTOS DE SEGURIDAD INFORMATICA","20742","5916"
"BASICO-TEC,TECNICAS E INTEG.","3215","ARQUIT, S.OP. Y REDES DE COMP.","4428","FUND.PARA LA INVEST.EN REDES DE COMPUTAD","18406","1436"
"BASICO-TEC,TECNICAS E INTEG.","3215","ARQUIT, S.OP. Y REDES DE COMP.","4428","INT. A LA ARQUITECTURA DE COMPUTADORES","18403","1403"
"BASICO-TEC,TECNICAS E INTEG.","3215","ARQUIT, S.OP. Y REDES DE COMP.","4428","INT. A LA CRIPTOGRAFIA","18389","1416"
"BASICO-TEC,TECNICAS E INTEG.","3215","ARQUIT, S.OP. Y REDES DE COMP.","4428","INT. A LAS REDES DE COMPUTADORAS","18409","1433"
"BASICO-TEC,TECNICAS E INTEG.","3215","ARQUIT, S.OP. Y REDES DE COMP.","4428","INT. A LAS REDES DE COMPUTADORES","18401","1406"
"BASICO-TEC,TECNICAS E INTEG.","3215","ARQUIT, S.OP. Y REDES DE COMP.","4428","INT. A LA TEORIA DE LA INFORMACION","18427","1432"
"BASICO-TEC,TECNICAS E INTEG.","3215","ARQUIT, S.OP. Y REDES DE COMP.","4428","INT. A LA TEORIA DE LA INFORMACION","18426","1431"
"BASICO-TEC,TECNICAS E INTEG.","3215","ARQUIT, S.OP. Y REDES DE COMP.","4428","INT. A LOS MICROPROCESADORES","19620","1513C"
"BASICO-TEC,TECNICAS E INTEG.","3215","ARQUIT, S.OP. Y REDES DE COMP.","4428","PLAN.DE SIST.COMP.CLUSTER, GRID Y CLOUD","43656","GP6"
"BASICO-TEC,TECNICAS E INTEG.","3215","ARQUIT, S.OP. Y REDES DE COMP.","4428","PROGRAMACIÓN MASIVAMENTE PARALELA EN PROCESADORES GRÁFICOS (GPUS)","77523","1898"
"BASICO-TEC,TECNICAS E INTEG.","3215","ARQUIT, S.OP. Y REDES DE COMP.","4428","REDES DE COMPUTADORAS","18432","1446"
"BASICO-TEC,TECNICAS E INTEG.","3215","ARQUIT, S.OP. Y REDES DE COMP.","4428","ROBOTICA EMBEBIDA","18413","1442"
"BASICO-TEC,TECNICAS E INTEG.","3215","ARQUIT, S.OP. Y REDES DE COMP.","4428","SISTEMAS DISTRIBUIDOS","18391","1414"
"BASICO-TEC,TECNICAS E INTEG.","3215","ARQUIT, S.OP. Y REDES DE COMP.","4428","SISTEMAS EMBEBIDOS PARA TIEMPO REAL","59526","1556"
"BASICO-TEC,TECNICAS E INTEG.","3215","ARQUIT, S.OP. Y REDES DE COMP.","4428","SISTEMAS EMBEBIDOS PARA TIEMPO REAL","20924","1536"
"BASICO-TEC,TECNICAS E INTEG.","3215","ARQUIT, S.OP. Y REDES DE COMP.","4428","SISTEMAS OPERATIVOS","18626","CP31"
"BASICO-TEC,TECNICAS E INTEG.","3215","ARQUIT, S.OP. Y REDES DE COMP.","4428","SISTEMAS OPERATIVOS","20863","1511"
"BASICO-TEC,TECNICAS E INTEG.","3215","ARQUIT, S.OP. Y REDES DE COMP.","4428","SISTEMAS OPERATIVOS","20860","1518"
"BASICO-TEC,TECNICAS E INTEG.","3215","ARQUIT, S.OP. Y REDES DE COMP.","4428","SISTEMAS OPERATIVOS","20920","1532"
"BASICO-TEC,TECNICAS E INTEG.","3215","ARQUIT, S.OP. Y REDES DE COMP.","4428","SISTEMAS OPERATIVOS","20925","1537"
"BASICO-TEC,TECNICAS E INTEG.","3215","ARQUIT, S.OP. Y REDES DE COMP.","4428","SISTEMAS OPERATIVOS (P. 74)","19237","CP372"
"BASICO-TEC,TECNICAS E INTEG.","3215","ARQUIT, S.OP. Y REDES DE COMP.","4428","TALLER DE ARQUITECTURA DE COMPUTADORAS","18431","1445"
"BASICO-TEC,TECNICAS E INTEG.","3215","ARQUIT, S.OP. Y REDES DE COMP.","4428","TALLER DE CRIPTOGRAFIA MODERNA","18410","1439"
"BASICO-TEC,TECNICAS E INTEG.","3215","ARQUIT, S.OP. Y REDES DE COMP.","4428","TALLER DE FIRMWARE","18424","1428"
"BASICO-TEC,TECNICAS E INTEG.","3215","ARQUIT, S.OP. Y REDES DE COMP.","4428","TALLER DE GPGPU","18429","1449"
"BASICO-TEC,TECNICAS E INTEG.","3215","ARQUIT, S.OP. Y REDES DE COMP.","4428","TALLER DE INICIACION A LOS SISTEMAS CIBER-FISICOS","72209","1888"
"BASICO-TEC,TECNICAS E INTEG.","3215","ARQUIT, S.OP. Y REDES DE COMP.","4428","TALLER DE RADIO DEFINIDA POR SOFTWARE","42487","1546"
"BASICO-TEC,TECNICAS E INTEG.","3215","ARQUIT, S.OP. Y REDES DE COMP.","4428","TALLER DE SEGURIDAD INFORMATICA","18412","1437"
"BASICO-TEC,TECNICAS E INTEG.","3215","ARQUIT, S.OP. Y REDES DE COMP.","4428","TALLER DE SEGURIDAD INFÓRMATICA","75279","1891"
"BASICO-TEC,TECNICAS E INTEG.","3215","ARQUIT, S.OP. Y REDES DE COMP.","4428","TALLER DE SISTEMAS CIBER-FISICOS","47533","1952"
"BASICO-TEC,TECNICAS E INTEG.","3215","ARQUIT, S.OP. Y REDES DE COMP.","4428","TALLER DE SISTEMAS OPERATIVOS","20918","1542"
"BASICO-TEC,TECNICAS E INTEG.","3215","ARQUIT, S.OP. Y REDES DE COMP.","4428","TALLER DE SISTEMAS OPERATIVOS","20923","1535"
"BASICO-TEC,TECNICAS E INTEG.","3215","ARQUIT, S.OP. Y REDES DE COMP.","4428","TRAF.RESTRIC.T. REAL REDES BEST EFFORT","18422","1426"
"BASICO-TEC,TECNICAS E INTEG.","3215","PROGRAMACION","4580","ANALISIS DE ALGORITMOS","18262","1334"
"BASICO-TEC,TECNICAS E INTEG.","3215","PROGRAMACION","4580","ANALISIS NUMERICO II (P. 74)","19223","CP380"
"BASICO-TEC,TECNICAS E INTEG.","3215","PROGRAMACION","4580","BIO-COMPUTACION PARALELA","18265","1343"
"BASICO-TEC,TECNICAS E INTEG.","3215","PROGRAMACION","4580","COMBINATORIA ANALITICA Y APLICACIONES","18255","1351"
"BASICO-TEC,TECNICAS E INTEG.","3215","PROGRAMACION","4580","COMPLEJIDAD COMPUTACIONAL","40450","1355"
"BASICO-TEC,TECNICAS E INTEG.","3215","PROGRAMACION","4580","COMPRESION DE DATOS SIN PERDIDA","18257","1352"
"BASICO-TEC,TECNICAS E INTEG.","3215","PROGRAMACION","4580","COMPUTACION","18646","CP52"
"BASICO-TEC,TECNICAS E INTEG.","3215","PROGRAMACION","4580","COMPUTACION GRAFICA AVANZADA","18254","1349"
"BASICO-TEC,TECNICAS E INTEG.","3215","PROGRAMACION","4580","COMPUTACION (P. 74)","18609","CP24"
"BASICO-TEC,TECNICAS E INTEG.","3215","PROGRAMACION","4580","CONCEPTOS DE LENGUAJES DE PROGRAMACIÓN","78890","1374"
"BASICO-TEC,TECNICAS E INTEG.","3215","PROGRAMACION","4580","CONST.FORMAL DE PROGR.EN TEORIA DE TIPOS","18252","1347"
"BASICO-TEC,TECNICAS E INTEG.","3215","PROGRAMACION","4580","CONST.FORMAL DE PROGR.EN TEORIA DE TIPOS","18261","1337"
"BASICO-TEC,TECNICAS E INTEG.","3215","PROGRAMACION","4580","CREDITOS ASIGNADOS POR REVALIDA","22064","PP6"
"BASICO-TEC,TECNICAS E INTEG.","3215","PROGRAMACION","4580","CREDITOS ASIGNADOS POR REVALIDA","44181","PR10"
"BASICO-TEC,TECNICAS E INTEG.","3215","PROGRAMACION","4580","CREDITOS ASIGNADOS POR REVALIDA","22041","PR8"
"BASICO-TEC,TECNICAS E INTEG.","3215","PROGRAMACION","4580","CREDITOS ASIGNADOS POR REVALIDA","22040","PR7"
"BASICO-TEC,TECNICAS E INTEG.","3215","PROGRAMACION","4580","CREDITOS ASIGNADOS POR REVALIDA","22042","PR6"
"BASICO-TEC,TECNICAS E INTEG.","3215","PROGRAMACION","4580","CREDITOS ASIGNADOS POR REVALIDA","22038","PR3"
"BASICO-TEC,TECNICAS E INTEG.","3215","PROGRAMACION","4580","CREDITOS ASIGNADOS POR REVALIDA","21838","PA7"
"BASICO-TEC,TECNICAS E INTEG.","3215","PROGRAMACION","4580","CREDITOS ASIGNADOS POR REVALIDA","44179","PR4"
"BASICO-TEC,TECNICAS E INTEG.","3215","PROGRAMACION","4580","DESARROLLO WEB","18250","1345"
"BASICO-TEC,TECNICAS E INTEG.","3215","PROGRAMACION","4580","DIDACTICA DE ALGORIT.Y ESTRUCT.DE DATOS","40448","1353"
"BASICO-TEC,TECNICAS E INTEG.","3215","PROGRAMACION","4580","DISEÑO DE COMPILADORES","18276","1331"
"BASICO-TEC,TECNICAS E INTEG.","3215","PROGRAMACION","4580","INT. A LA COMPUTACION","18621","CP36"
"BASICO-TEC,TECNICAS E INTEG.","3215","PROGRAMACION","4580","INT. A LA COMPUTACION GRAFICA","18236","1316"
"BASICO-TEC,TECNICAS E INTEG.","3215","PROGRAMACION","4580","INT. A LA COMPUTACION GRAFICA","18229","1315"
"BASICO-TEC,TECNICAS E INTEG.","3215","PROGRAMACION","4580","INT. A LA PROGRAMACION FUNCIONAL","18270","1328"
"BASICO-TEC,TECNICAS E INTEG.","3215","PROGRAMACION","4580","INT. A LA PROGRAMACION GENERICA","18278","1333"
"BASICO-TEC,TECNICAS E INTEG.","3215","PROGRAMACION","4580","INT. A LA PROGRAMACION LOGICA","18271","1329"
"BASICO-TEC,TECNICAS E INTEG.","3215","PROGRAMACION","4580","INT. A LA PROGR.PARA DISEÑO GRAFICO","18279","1332"
"BASICO-TEC,TECNICAS E INTEG.","3215","PROGRAMACION","4580","INT. A LOS FUND.DE LOS LENG.DE PR.OR. OB","18258","1338"
"BASICO-TEC,TECNICAS E INTEG.","3215","PROGRAMACION","4580","LOGICA DE LA PROGRAMACION IMPERATIVA","18267","1341"
"BASICO-TEC,TECNICAS E INTEG.","3215","PROGRAMACION","4580","LOGICA DE LA PROGRAMACION IMPERATIVA","18277","1330"
"BASICO-TEC,TECNICAS E INTEG.","3215","PROGRAMACION","4580","MODELOS Y VERIF. DE SIST. DE TIEMPO REAL","18253","1348"
"BASICO-TEC,TECNICAS E INTEG.","3215","PROGRAMACION","4580","ORGANIZACION DE LENG. DE PROGRAMACION","18625","CP32"
"BASICO-TEC,TECNICAS E INTEG.","3215","PROGRAMACION","4580","PROCESAMIENTO DE DATOS II (P. 74)","19224","CP384"
"BASICO-TEC,TECNICAS E INTEG.","3215","PROGRAMACION","4580","PROGRAMACION 1","67810","1373"
"BASICO-TEC,TECNICAS E INTEG.","3215","PROGRAMACION","4580","PROGRAMACION 1","18288","1372"
"BASICO-TEC,TECNICAS E INTEG.","3215","PROGRAMACION","4580","PROGRAMACION 1","18238","1322"
"BASICO-TEC,TECNICAS E INTEG.","3215","PROGRAMACION","4580","PROGRAMACION 1","18239","1320"
"BASICO-TEC,TECNICAS E INTEG.","3215","PROGRAMACION","4580","PROGRAMACION 1","54646","1322T"
"BASICO-TEC,TECNICAS E INTEG.","3215","PROGRAMACION","4580","PROGRAMACION 2","18237","1321"
"BASICO-TEC,TECNICAS E INTEG.","3215","PROGRAMACION","4580","PROGRAMACION 3","18272","1323"
"BASICO-TEC,TECNICAS E INTEG.","3215","PROGRAMACION","4580","PROGRAMACION 4","18273","1324"
"BASICO-TEC,TECNICAS E INTEG.","3215","PROGRAMACION","4580","PROGRAMACION FUNCIONAL","40449","1354"
"BASICO-TEC,TECNICAS E INTEG.","3215","PROGRAMACION","4580","PROGRAMACION FUNCIONAL AVANZADA","18256","1350"
"BASICO-TEC,TECNICAS E INTEG.","3215","PROGRAMACION","4580","PROGRAMACION I","21317","CP9"
"BASICO-TEC,TECNICAS E INTEG.","3215","PROGRAMACION","4580","PROGRAMACIÓN I- CIO CT-LHRH","24410","SRN17"
"BASICO-TEC,TECNICAS E INTEG.","3215","PROGRAMACION","4580","PROGRAMACION II","18655","CP15"
"BASICO-TEC,TECNICAS E INTEG.","3215","PROGRAMACION","4580","PROGRAMACION III","18618","CP29"
"BASICO-TEC,TECNICAS E INTEG.","3215","PROGRAMACION","4580","PROGRAMACION III (P. 74)","19219","CP374"
"BASICO-TEC,TECNICAS E INTEG.","3215","PROGRAMACION","4580","PROGRAMACION II (P. 74)","18619","CP38"
"BASICO-TEC,TECNICAS E INTEG.","3215","PROGRAMACION","4580","PROGRAMACION I (P. 74)","18620","CP37"
"BASICO-TEC,TECNICAS E INTEG.","3215","PROGRAMACION","4580","PROGRAMACION LOGICA","18268","1340"
"BASICO-TEC,TECNICAS E INTEG.","3215","PROGRAMACION","4580","TALLER DE COMPUTACION GRAFICA","18266","1342"
"BASICO-TEC,TECNICAS E INTEG.","3215","PROGRAMACION","4580","TALLER DE PRODUCCION DE PROG.SIN FALLAS","18230","1314"
"BASICO-TEC,TECNICAS E INTEG.","3215","PROGRAMACION","4580","TALLER I","21313","CP5"
"BASICO-TEC,TECNICAS E INTEG.","3215","PROGRAMACION","4580","TALLER II","18657","CP10"
"BASICO-TEC,TECNICAS E INTEG.","3215","PROGRAMACION","4580","TALLER III (1ER.SEM.)","18627","CP30"
"BASICO-TEC,TECNICAS E INTEG.","3215","PROGRAMACION","4580","TECNOLOGIAS INTERACTIVAS Y VIDEOJUEGOS","18242","1304"
"BASICO-TEC,TECNICAS E INTEG.","3215","PROGRAMACION","4580","TEORIA DE AUTOMATAS (P. 74)","19226","CP382"
"BASICO-TEC,TECNICAS E INTEG.","3215","PROGRAMACION","4580","TEORIA DE LA COMPUTACION","37734","1358"
"BASICO-TEC,TECNICAS E INTEG.","3215","PROGRAMACION","4580","TEORIA DE LA COMPUTACION","18260","1336"
"BASICO-TEC,TECNICAS E INTEG.","3215","PROGRAMACION","4580","TEORIA DE LA PROGRAMACION I","18624","CP33"
"BASICO-TEC,TECNICAS E INTEG.","3215","PROGRAMACION","4580","TEORIA DE LENGUAJES","18274","1325"
"BASICO-TEC,TECNICAS E INTEG.","3215","PROGRAMACION","4580","TEORIA DE PROGRAMACION II","19230","CP365"
"BASICO-TEC,TECNICAS E INTEG.","3215","PROGRAMACION","4580","TRANSDUCTORES DE ESTADO FINITO","18263","1335"
"BASICO-TEC,TECNICAS E INTEG.","3215","PROGRAMACION","4580","VERIFICACION DE MODELOS","18251","1346"
"BASICO-TEC,TECNICAS E INTEG.","3215","PROGRAMACION","4580","VERIFICACION Y LOGICA","18259","1339"
"BASICO-TEC,TECNICAS E INTEG.","3215","PROGRAMACION","4580","VISION 3D","47979","1145"
"BASICO-TEC,TECNICAS E INTEG.","3215","B.DATOS Y SIST. DE INFORMACION","4647","ADMINISTRACION Y SEGURIDAD DE SISTEMAS","20455","1918"
"BASICO-TEC,TECNICAS E INTEG.","3215","B.DATOS Y SIST. DE INFORMACION","4647","BASES DE DATOS","19246","CP362"
"BASICO-TEC,TECNICAS E INTEG.","3215","B.DATOS Y SIST. DE INFORMACION","4647","BASES DE DATOS NO RELACIONALES","42480","1949"
"BASICO-TEC,TECNICAS E INTEG.","3215","B.DATOS Y SIST. DE INFORMACION","4647","CALIDAD DE DATOS","20471","1935"
"BASICO-TEC,TECNICAS E INTEG.","3215","B.DATOS Y SIST. DE INFORMACION","4647","CALIDAD DE DATOS E INFORMACION","47532","1802"
"BASICO-TEC,TECNICAS E INTEG.","3215","B.DATOS Y SIST. DE INFORMACION","4647","CALIDAD DE DATOS E INFORMACIÓN","75189","1890"
"BASICO-TEC,TECNICAS E INTEG.","3215","B.DATOS Y SIST. DE INFORMACION","4647","CREDITOS ASIGNADOS POR REVALIDA","21041","BDSI6"
"BASICO-TEC,TECNICAS E INTEG.","3215","B.DATOS Y SIST. DE INFORMACION","4647","CREDITOS ASIGNADOS POR REVALIDA","21142","BD8"
"BASICO-TEC,TECNICAS E INTEG.","3215","B.DATOS Y SIST. DE INFORMACION","4647","CREDITOS ASIGNADOS POR REVALIDA","21141","BD5"
"BASICO-TEC,TECNICAS E INTEG.","3215","B.DATOS Y SIST. DE INFORMACION","4647","CREDITOS ASIGNADOS POR REVALIDA","21060","BD10"
"BASICO-TEC,TECNICAS E INTEG.","3215","B.DATOS Y SIST. DE INFORMACION","4647","CREDITOS ASIGNADOS POR REVALIDA","36654","BD15"
"BASICO-TEC,TECNICAS E INTEG.","3215","B.DATOS Y SIST. DE INFORMACION","4647","CREDITOS ASIGNADOS POR REVALIDA","36655","BD05"
"BASICO-TEC,TECNICAS E INTEG.","3215","B.DATOS Y SIST. DE INFORMACION","4647","CREDITOS ASIGNADOS POR REVALIDA","36656","BD015"
"BASICO-TEC,TECNICAS E INTEG.","3215","B.DATOS Y SIST. DE INFORMACION","4647","CREDITOS ASIGNADOS POR REVALIDA","21143","BD9"
"BASICO-TEC,TECNICAS E INTEG.","3215","B.DATOS Y SIST. DE INFORMACION","4647","CREDITOS NO ACUM. CON SIST. DE INFORMACION EN SALUD","66879","1937T"
"BASICO-TEC,TECNICAS E INTEG.","3215","B.DATOS Y SIST. DE INFORMACION","4647","DESCUBRIMIENTO DE INF.EN BASES DE DATOS","20453","1916"
"BASICO-TEC,TECNICAS E INTEG.","3215","B.DATOS Y SIST. DE INFORMACION","4647","DISEÑO Y CONSTRUCCION DE DATA WAREHOUSE","20477","1939"
"BASICO-TEC,TECNICAS E INTEG.","3215","B.DATOS Y SIST. DE INFORMACION","4647","FUNDAMENTOS DE BASES DE DATOS","20458","1911"
"BASICO-TEC,TECNICAS E INTEG.","3215","B.DATOS Y SIST. DE INFORMACION","4647","FUNDAMENTOS DE LA WEB SEMANTICA","20482","1942"
"BASICO-TEC,TECNICAS E INTEG.","3215","B.DATOS Y SIST. DE INFORMACION","4647","GESTION DE LA INFORMACION","43652","GP2"
"BASICO-TEC,TECNICAS E INTEG.","3215","B.DATOS Y SIST. DE INFORMACION","4647","GESTION Y TECNOL. DE PROCESOS DE NEGOCIO","43651","GP1"
"BASICO-TEC,TECNICAS E INTEG.","3215","B.DATOS Y SIST. DE INFORMACION","4647","INGENIERIA DE ONTOLOGIAS","66001","2418"
"BASICO-TEC,TECNICAS E INTEG.","3215","B.DATOS Y SIST. DE INFORMACION","4647","INT. AL MIDDLEWARE","38092","1948"
"BASICO-TEC,TECNICAS E INTEG.","3215","B.DATOS Y SIST. DE INFORMACION","4647","INT. AL MIDDLEWARE","20480","1936"
"BASICO-TEC,TECNICAS E INTEG.","3215","B.DATOS Y SIST. DE INFORMACION","4647","INT. A LOS SIST. DE INFOR. GEOGRAFICA","20467","1926"
"BASICO-TEC,TECNICAS E INTEG.","3215","B.DATOS Y SIST. DE INFORMACION","4647","INTEGRACION DE DATOS","64563","1867"
"BASICO-TEC,TECNICAS E INTEG.","3215","B.DATOS Y SIST. DE INFORMACION","4647","INTEGRACION DE DATOS","20483","1941"
"BASICO-TEC,TECNICAS E INTEG.","3215","B.DATOS Y SIST. DE INFORMACION","4647","INTEROPERABILIDAD","20456","1919"
"BASICO-TEC,TECNICAS E INTEG.","3215","B.DATOS Y SIST. DE INFORMACION","4647","INTEROPERABILIDAD SEMANTICA","20472","1934"
"BASICO-TEC,TECNICAS E INTEG.","3215","B.DATOS Y SIST. DE INFORMACION","4647","METADATA EN SISTEMAS DE INFORMACION","20474","1932"
"BASICO-TEC,TECNICAS E INTEG.","3215","B.DATOS Y SIST. DE INFORMACION","4647","PROCESAMIENTO DE DATOS I (P. 74)","19221","CP378"
"BASICO-TEC,TECNICAS E INTEG.","3215","B.DATOS Y SIST. DE INFORMACION","4647","RECUPERACION DE INF. Y RECOMEND. EN LA WEB (WIR)","20478","1938"
"BASICO-TEC,TECNICAS E INTEG.","3215","B.DATOS Y SIST. DE INFORMACION","4647","SEMINARIO RECUP.DE INF.Y REC.EN LA WEB","20485","1943"
"BASICO-TEC,TECNICAS E INTEG.","3215","B.DATOS Y SIST. DE INFORMACION","4647","SISTEMAS DE INFORMACION EN SALUD","20479","1937"
"BASICO-TEC,TECNICAS E INTEG.","3215","B.DATOS Y SIST. DE INFORMACION","4647","SISTEMAS DE INFORMACION PARA EL ANALISIS DE GRANDES VOLUMENES DE DATOS","57655","1781"
"BASICO-TEC,TECNICAS E INTEG.","3215","B.DATOS Y SIST. DE INFORMACION","4647","SISTEMAS MULTIFUENTES","20475","1931"
"BASICO-TEC,TECNICAS E INTEG.","3215","B.DATOS Y SIST. DE INFORMACION","4647","TALLER DE LENG.Y TEC.DE LA WEB SEMANTICA","37736","1947"
"BASICO-TEC,TECNICAS E INTEG.","3215","B.DATOS Y SIST. DE INFORMACION","4647","TECNICAS AVANZADAS PARA LA GEST. DE SIST. DE INF.","20473","1933"
"BASICO-TEC,TECNICAS E INTEG.","3215","B.DATOS Y SIST. DE INFORMACION","4647","TECNICAS AVANZADAS PARA LA GEST. DE SIST. DE INF.","20454","1917"
"BASICO-TEC,TECNICAS E INTEG.","3215","B.DATOS Y SIST. DE INFORMACION","4647","WEB Y BASE DE DATOS","20466","1929"
"BASICO-TEC,TECNICAS E INTEG.","3215","A.INTEG,TALLERES,PASANT.Y PROY","4756","CREDITOS ASIGNADOS POR REVALIDA","37932","AA28"
"BASICO-TEC,TECNICAS E INTEG.","3215","A.INTEG,TALLERES,PASANT.Y PROY","4756","CREDITOS ASIGNADOS POR REVALIDA","57005","BTI29"
"BASICO-TEC,TECNICAS E INTEG.","3215","A.INTEG,TALLERES,PASANT.Y PROY","4756","CREDITOS ASIGNADOS POR REVALIDA","57004","BT31"
"BASICO-TEC,TECNICAS E INTEG.","3215","A.INTEG,TALLERES,PASANT.Y PROY","4756","CREDITOS ASIGNADOS POR REVALIDA","57000","BTI33"
"BASICO-TEC,TECNICAS E INTEG.","3215","A.INTEG,TALLERES,PASANT.Y PROY","4756","CREDITOS ASIGNADOS POR REVALIDA","56998","BTI23"
"BASICO-TEC,TECNICAS E INTEG.","3215","A.INTEG,TALLERES,PASANT.Y PROY","4756","CREDITOS ASIGNADOS POR REVALIDA","56993","BTI31"
"BASICO-TEC,TECNICAS E INTEG.","3215","A.INTEG,TALLERES,PASANT.Y PROY","4756","CREDITOS ASIGNADOS POR REVALIDA","56983","ATI3"
"BASICO-TEC,TECNICAS E INTEG.","3215","A.INTEG,TALLERES,PASANT.Y PROY","4756","CREDITOS ASIGNADOS POR REVALIDA","56948","BTI38"
"BASICO-TEC,TECNICAS E INTEG.","3215","A.INTEG,TALLERES,PASANT.Y PROY","4756","CREDITOS ASIGNADOS POR REVALIDA","37931","A028"
"BASICO-TEC,TECNICAS E INTEG.","3215","A.INTEG,TALLERES,PASANT.Y PROY","4756","CREDITOS ASIGNADOS POR REVALIDA","41091","AI10"
"BASICO-TEC,TECNICAS E INTEG.","3215","A.INTEG,TALLERES,PASANT.Y PROY","4756","CREDITOS ASIGNADOS POR REVALIDA","38209","BT28"
"BASICO-TEC,TECNICAS E INTEG.","3215","A.INTEG,TALLERES,PASANT.Y PROY","4756","CREDITOS ASIGNADOS POR REVALIDA","37929","A28"
"BASICO-TEC,TECNICAS E INTEG.","3215","A.INTEG,TALLERES,PASANT.Y PROY","4756","CREDITOS ASIGNADOS POR REVALIDA","37930","AI28"
"BASICO-TEC,TECNICAS E INTEG.","3215","A.INTEG,TALLERES,PASANT.Y PROY","4756","CREDITOS ASIGNADOS POR REVALIDA","20229","AT10"
"BASICO-TEC,TECNICAS E INTEG.","3215","A.INTEG,TALLERES,PASANT.Y PROY","4756","CREDITOS ASIGNADOS POR REVALIDA","20233","AT28"
"BASICO-TEC,TECNICAS E INTEG.","3215","A.INTEG,TALLERES,PASANT.Y PROY","4756","CREDITOS ASIGNADOS POR REVALIDA","21122","AT3"
"BASICO-TEC,TECNICAS E INTEG.","3215","A.INTEG,TALLERES,PASANT.Y PROY","4756","CREDITOS ASIGNADOS POR REVALIDA","21119","AT7"
"BASICO-TEC,TECNICAS E INTEG.","3215","A.INTEG,TALLERES,PASANT.Y PROY","4756","CREDITOS ASIGNADOS POR REVALIDA","19579","TP25"
"BASICO-TEC,TECNICAS E INTEG.","3215","A.INTEG,TALLERES,PASANT.Y PROY","4756","DISEÑO ORGANIZACIONAL","36820","A42"
"BASICO-TEC,TECNICAS E INTEG.","3215","A.INTEG,TALLERES,PASANT.Y PROY","4756","MODULO TALLER A","20658","1753"
"BASICO-TEC,TECNICAS E INTEG.","3215","A.INTEG,TALLERES,PASANT.Y PROY","4756","MODULO TALLER B","20657","1754"
"BASICO-TEC,TECNICAS E INTEG.","3215","A.INTEG,TALLERES,PASANT.Y PROY","4756","MODULO TALLER C","20656","1755"
"BASICO-TEC,TECNICAS E INTEG.","3215","A.INTEG,TALLERES,PASANT.Y PROY","4756","MODULO TALLER D","20664","1756"
"BASICO-TEC,TECNICAS E INTEG.","3215","A.INTEG,TALLERES,PASANT.Y PROY","4756","MODULO TALLER E","20663","1757"
"BASICO-TEC,TECNICAS E INTEG.","3215","A.INTEG,TALLERES,PASANT.Y PROY","4756","PASANTIA (COMPUTACION)","20638","1731"
"BASICO-TEC,TECNICAS E INTEG.","3215","A.INTEG,TALLERES,PASANT.Y PROY","4756","PROCESAMIENTO DE DATOS II (P. 74)","19224","CP384"
"BASICO-TEC,TECNICAS E INTEG.","3215","A.INTEG,TALLERES,PASANT.Y PROY","4756","PROYECTO DE GRADO","20639","1730"
"BASICO-TEC,TECNICAS E INTEG.","3215","A.INTEG,TALLERES,PASANT.Y PROY","4756","PROYECTO DE INGENIERIA DE SOFTWARE","20651","1721"
"BASICO-TEC,TECNICAS E INTEG.","3215","A.INTEG,TALLERES,PASANT.Y PROY","4756","SEMINARIO DE INGENIERIA BIOMEDICA","19916","5705"
"BASICO-TEC,TECNICAS E INTEG.","3215","A.INTEG,TALLERES,PASANT.Y PROY","4756","SEMINARIO DE PROCESAM. PARALELO APLICADO","20674","1748"
"BASICO-TEC,TECNICAS E INTEG.","3215","A.INTEG,TALLERES,PASANT.Y PROY","4756","TALLER DE DESARROLLO CLIENTE/SERVIDOR","20635","1733"
"BASICO-TEC,TECNICAS E INTEG.","3215","A.INTEG,TALLERES,PASANT.Y PROY","4756","TALLER DE EVALUACION DE TECNOLOGIAS DE LA INF.","50810","1774"
"BASICO-TEC,TECNICAS E INTEG.","3215","A.INTEG,TALLERES,PASANT.Y PROY","4756","TALLER DE GESTION DE SOFTWARE","20629","1739"
"BASICO-TEC,TECNICAS E INTEG.","3215","A.INTEG,TALLERES,PASANT.Y PROY","4756","TALLER DE GEST.Y TEC.PROC.NEGOCIO (TBPM)","20777","1766"
"BASICO-TEC,TECNICAS E INTEG.","3215","A.INTEG,TALLERES,PASANT.Y PROY","4756","TALLER DE MINERIA DE PROCESOS DE NEGOCIO (TPM)","68811","1876"
"BASICO-TEC,TECNICAS E INTEG.","3215","A.INTEG,TALLERES,PASANT.Y PROY","4756","TALLER DE PROGRAMACION","18269","1327"
"BASICO-TEC,TECNICAS E INTEG.","3215","A.INTEG,TALLERES,PASANT.Y PROY","4756","TALLER DE PROGRAMACION Y ARTE","20468","1925"
"BASICO-TEC,TECNICAS E INTEG.","3215","A.INTEG,TALLERES,PASANT.Y PROY","4756","TALLER DE ROBOTICA EDUCATIVA","55355","1780"
"BASICO-TEC,TECNICAS E INTEG.","3215","A.INTEG,TALLERES,PASANT.Y PROY","4756","TALLER DE SIST. DE INF. GEO. EMPRES.","50816","1776"
"BASICO-TEC,TECNICAS E INTEG.","3215","A.INTEG,TALLERES,PASANT.Y PROY","4756","TALLER DE SIST. DE INF.GEOGRAF.EMPRESAR.","20661","1759"
"BASICO-TEC,TECNICAS E INTEG.","3215","A.INTEG,TALLERES,PASANT.Y PROY","4756","TALLER DE SISTEMAS DE INFORMACION 1","20666","1751"
"BASICO-TEC,TECNICAS E INTEG.","3215","A.INTEG,TALLERES,PASANT.Y PROY","4756","TALLER DE SISTEMAS DE INFORMACION 3","20628","1740"
"BASICO-TEC,TECNICAS E INTEG.","3215","A.INTEG,TALLERES,PASANT.Y PROY","4756","TALLER DE SISTEMAS DE INFORMACION 4","20669","1741"
"BASICO-TEC,TECNICAS E INTEG.","3215","A.INTEG,TALLERES,PASANT.Y PROY","4756","TALLER DE SISTEMAS EMPRESARIALES","50811","1775"
"BASICO-TEC,TECNICAS E INTEG.","3215","A.INTEG,TALLERES,PASANT.Y PROY","4756","TALLER DE TELEMATICA","19800","5823"
"BASICO-TEC,TECNICAS E INTEG.","3215","A.INTEG,TALLERES,PASANT.Y PROY","4756","TALLER III ( 2DO.SEM.)","18580","CP71"
"BASICO-TEC,TECNICAS E INTEG.","3215","A.INTEG,TALLERES,PASANT.Y PROY","4756","TALLER IV (1ER.SEM.)","19228","CP363"
"BASICO-TEC,TECNICAS E INTEG.","3215","A.INTEG,TALLERES,PASANT.Y PROY","4756","TALLER SISTEMAS DE INFORMACION 1","20634","1734"
"BASICO-TEC,TECNICAS E INTEG.","3215","A.INTEG,TALLERES,PASANT.Y PROY","4756","TALLER SISTEMAS DE INFORMACION 2","20633","1735"
"BASICO-TEC,TECNICAS E INTEG.","3215","A.INTEG,TALLERES,PASANT.Y PROY","4756","TALLER V","19517","CP221"
"BASICO-TEC,TECNICAS E INTEG.","3215","A.INTEG,TALLERES,PASANT.Y PROY","4756","TUTORIA EN MATEMATICA","18559","1233"
"BASICO-TEC,TECNICAS E INTEG.","3215","INVESTIGACION OPERATIVA","4815","ALGORITMOS DE APROXIMACIÓN","74060","1641"
"BASICO-TEC,TECNICAS E INTEG.","3215","INVESTIGACION OPERATIVA","4815","ALGORITMOS EVOLUTIVOS","20796","1628"
"BASICO-TEC,TECNICAS E INTEG.","3215","INVESTIGACION OPERATIVA","4815","ALGORITMOS EVOLUTIVOS","52708","1637"
"BASICO-TEC,TECNICAS E INTEG.","3215","INVESTIGACION OPERATIVA","4815","ALGORITMOS GENETICOS","20791","1625"
"BASICO-TEC,TECNICAS E INTEG.","3215","INVESTIGACION OPERATIVA","4815","ANALISIS DE DATOS EN REDES COMPLEJAS","42484","1634"
"BASICO-TEC,TECNICAS E INTEG.","3215","INVESTIGACION OPERATIVA","4815","CREDITOS ASIGNADOS POR REVALIDA","21568","IO8"
"BASICO-TEC,TECNICAS E INTEG.","3215","INVESTIGACION OPERATIVA","4815","CREDITOS ASIGNADOS POR REVALIDA","20394","IO20"
"BASICO-TEC,TECNICAS E INTEG.","3215","INVESTIGACION OPERATIVA","4815","DISEÑO TOPOLOGICO DE REDES","56442","1458"
"BASICO-TEC,TECNICAS E INTEG.","3215","INVESTIGACION OPERATIVA","4815","DISEÑO TOPOLOGICO DE REDES","18407","1435"
"BASICO-TEC,TECNICAS E INTEG.","3215","INVESTIGACION OPERATIVA","4815","EXTENS. DE PROG. LINEAL Y PROG. ENTERA","20787","1621"
"BASICO-TEC,TECNICAS E INTEG.","3215","INVESTIGACION OPERATIVA","4815","FUNDAMENTOS DE OPTIMIZACION","65070","1871"
"BASICO-TEC,TECNICAS E INTEG.","3215","INVESTIGACION OPERATIVA","4815","FUNDAMENTOS DE PROGRAMACION ENTERA","20786","1631"
"BASICO-TEC,TECNICAS E INTEG.","3215","INVESTIGACION OPERATIVA","4815","HERRAMIENTAS P/EL DISEÑO Y ANALISIS DE REDES DE TRANSP.URB DE PASAJEROS","56658","3207"
"BASICO-TEC,TECNICAS E INTEG.","3215","INVESTIGACION OPERATIVA","4815","INT. A LA INVESTIGACION DE OPERACIONES","20804","1610"
"BASICO-TEC,TECNICAS E INTEG.","3215","INVESTIGACION OPERATIVA","4815","INT. A LA INVESTIGACIÓN DE OPERACIONES","73977","1650"
"BASICO-TEC,TECNICAS E INTEG.","3215","INVESTIGACION OPERATIVA","4815","INT. A LA OPTIMIZ.Y A LA PROG. CON RESTR","20795","1629"
"BASICO-TEC,TECNICAS E INTEG.","3215","INVESTIGACION OPERATIVA","4815","INVESTIGACION DE OPER. EN COMERCIO ELECTRONICO","20789","1623"
"BASICO-TEC,TECNICAS E INTEG.","3215","INVESTIGACION OPERATIVA","4815","INVESTIGACION DE OPER.Y GEST. DE RIESGOS","53481","1779"
"BASICO-TEC,TECNICAS E INTEG.","3215","INVESTIGACION OPERATIVA","4815","INVESTIGACION DE OPER.Y GEST. DE RIESGOS","20797","1630"
"BASICO-TEC,TECNICAS E INTEG.","3215","INVESTIGACION OPERATIVA","4815","INVESTIGACION OPERATIVA","18610","CP27"
"BASICO-TEC,TECNICAS E INTEG.","3215","INVESTIGACION OPERATIVA","4815","INVESTIGACION OPERATIVA III (P. 74)","19260","CP385"
"BASICO-TEC,TECNICAS E INTEG.","3215","INVESTIGACION OPERATIVA","4815","INVESTIGACION OPERATIVA II (P. 74)","19227","CP381"
"BASICO-TEC,TECNICAS E INTEG.","3215","INVESTIGACION OPERATIVA","4815","INVESTIGACION OPERATIVA I (P. 74)","19236","CP373"
"BASICO-TEC,TECNICAS E INTEG.","3215","INVESTIGACION OPERATIVA","4815","INVESTIGACION OPERATIVA (P. 74)","19275","CP320"
"BASICO-TEC,TECNICAS E INTEG.","3215","INVESTIGACION OPERATIVA","4815","METAHEURISTICAS Y OPTIMIZACION SOBRE REDES","20801","1613"
"BASICO-TEC,TECNICAS E INTEG.","3215","INVESTIGACION OPERATIVA","4815","METAHEURISTICAS Y OPTIMIZACION SOBRE REDES (MOR)","43665","1635"
"BASICO-TEC,TECNICAS E INTEG.","3215","INVESTIGACION OPERATIVA","4815","MÉTODOS EFICI. DE SIMUL. PARA LA ESTIM. DE CONFIA. DE REDES","77264","1897"
"BASICO-TEC,TECNICAS E INTEG.","3215","INVESTIGACION OPERATIVA","4815","MODELADO Y OPTIMIZACION","20792","1624"
"BASICO-TEC,TECNICAS E INTEG.","3215","INVESTIGACION OPERATIVA","4815","MODELOS COMB. DE CONFIABILIDAD EN REDES","50808","1636"
"BASICO-TEC,TECNICAS E INTEG.","3215","INVESTIGACION OPERATIVA","4815","OPTIMIZACION BAJO INCERTIDUMBRE","20785","1632"
"BASICO-TEC,TECNICAS E INTEG.","3215","INVESTIGACION OPERATIVA","4815","OPTIMIZACION BAJO INCERTIDUMBRE","20794","1626"
"BASICO-TEC,TECNICAS E INTEG.","3215","INVESTIGACION OPERATIVA","4815","OPTIMIZACION CONTINUA Y APLICACIONES","61733","1640"
"BASICO-TEC,TECNICAS E INTEG.","3215","INVESTIGACION OPERATIVA","4815","PRINCIPIOS DE LOGISTICA HUMANITARIA","61732","1639"
"BASICO-TEC,TECNICAS E INTEG.","3215","INVESTIGACION OPERATIVA","4815","REFORMULACIONES Y ALGORITMOS PARA PLANIFICACION DE LA PRODUCCION","68888","1877"
"BASICO-TEC,TECNICAS E INTEG.","3215","INVESTIGACION OPERATIVA","4815","SEMINARIO:ELEMENTOS DE METAHEURISTICAS","20793","1627"
"BASICO-TEC,TECNICAS E INTEG.","3215","INVESTIGACION OPERATIVA","4815","SIMULACION A EVENTOS DISCRETOS","20807","1617"
"BASICO-TEC,TECNICAS E INTEG.","3215","INVESTIGACION OPERATIVA","4815","TECNICAS DE DESCOMPOSICION EN PROGRAMACION MATEMATICA","58889","2398"
"BASICO-TEC,TECNICAS E INTEG.","3215","INVESTIGACION OPERATIVA","4815","TEORIA, ALGORIT. Y APLIC. DE GEST. LOGIS","42485","1633"
"BASICO-TEC,TECNICAS E INTEG.","3215","INVESTIGACION OPERATIVA","4815","TOPICOS EN COLOREO EN GRAFOS Y CONECTIV.","43657","GP7"
"BASICO-TEC,TECNICAS E INTEG.","3215","INT.ARTIFICIAL Y ROBOTICA","4882","ANALISIS SEMANTICO DE LENGUAJE NATURAL","42482","1864"
"BASICO-TEC,TECNICAS E INTEG.","3215","INT.ARTIFICIAL Y ROBOTICA","4882","APRENDIZAJE AUTOMATICO","50501","1866"
"BASICO-TEC,TECNICAS E INTEG.","3215","INT.ARTIFICIAL Y ROBOTICA","4882","APRENDIZAJE AUTOMATICO","20539","1827"
"BASICO-TEC,TECNICAS E INTEG.","3215","INT.ARTIFICIAL Y ROBOTICA","4882","APRENDIZAJE AUTOMATICO","20542","1820"
"BASICO-TEC,TECNICAS E INTEG.","3215","INT.ARTIFICIAL Y ROBOTICA","4882","BUTIA: ROBOTICA EDUCATIVA","20526","1849"
"BASICO-TEC,TECNICAS E INTEG.","3215","INT.ARTIFICIAL Y ROBOTICA","4882","CIENCIA DE DATOS Y LENGUAJE NATURAL","70213","1880"
"BASICO-TEC,TECNICAS E INTEG.","3215","INT.ARTIFICIAL Y ROBOTICA","4882","CONST.DE MOD.PROB.DEL LENGUAJE NATURAL","20532","1832"
"BASICO-TEC,TECNICAS E INTEG.","3215","INT.ARTIFICIAL Y ROBOTICA","4882","CREDITOS ASIGNADOS POR REVALIDA","21244","IAR6"
"BASICO-TEC,TECNICAS E INTEG.","3215","INT.ARTIFICIAL Y ROBOTICA","4882","EXTRACCION Y CATEGORIZACION DE INFORM.","20543","1821"
"BASICO-TEC,TECNICAS E INTEG.","3215","INT.ARTIFICIAL Y ROBOTICA","4882","FUNDAMENTOS DE APRENDIZAJE AUTOMATICO Y RECONOCIMIENTO DE PATRONES","57284","5852"
"BASICO-TEC,TECNICAS E INTEG.","3215","INT.ARTIFICIAL Y ROBOTICA","4882","FUNDAMENTOS DE LA ROBOTICA AUTONOMA","40452","1857"
"BASICO-TEC,TECNICAS E INTEG.","3215","INT.ARTIFICIAL Y ROBOTICA","4882","GRAMATICAS FORMALES PARA EL LENG.NATURAL","20534","1835"
"BASICO-TEC,TECNICAS E INTEG.","3215","INT.ARTIFICIAL Y ROBOTICA","4882","I.A. Y ROBOTICA","20541","1829"
"BASICO-TEC,TECNICAS E INTEG.","3215","INT.ARTIFICIAL Y ROBOTICA","4882","INT. AL PROCESAMIENTO DE LENG. NATURAL","20540","1828"
"BASICO-TEC,TECNICAS E INTEG.","3215","INT.ARTIFICIAL Y ROBOTICA","4882","INT. AL RECONOCIMIENTO DE PATRONES","19805","5831"
"BASICO-TEC,TECNICAS E INTEG.","3215","INT.ARTIFICIAL Y ROBOTICA","4882","METODOS DE APRENDIZAJE AUTOMATICO","20537","1834"
"BASICO-TEC,TECNICAS E INTEG.","3215","INT.ARTIFICIAL Y ROBOTICA","4882","MODELOS ESTADISTICOS PARA CLASIF. Y REGRESION","64848","1868"
"BASICO-TEC,TECNICAS E INTEG.","3215","INT.ARTIFICIAL Y ROBOTICA","4882","RECONOCIMIENTO DE PATRONES","19814","5842"
"BASICO-TEC,TECNICAS E INTEG.","3215","INT.ARTIFICIAL Y ROBOTICA","4882","REDES NEURONALES PARA LENGUAJE NATURAL","73870","1887"
"BASICO-TEC,TECNICAS E INTEG.","3215","INT.ARTIFICIAL Y ROBOTICA","4882","ROBOTICA BASADA EN COMPORTAMIENTOS","20527","1848"
"BASICO-TEC,TECNICAS E INTEG.","3215","INT.ARTIFICIAL Y ROBOTICA","4882","ROBOTICA EDUCATIVA","42483","1865"
"BASICO-TEC,TECNICAS E INTEG.","3215","INT.ARTIFICIAL Y ROBOTICA","4882","SISTEMAS NEURO FUZZY","20745","5912"
"BASICO-TEC,TECNICAS E INTEG.","3215","INT.ARTIFICIAL Y ROBOTICA","4882","TALLER DE APRENDIZAJE AUTOMATICO","77602","5720"
"BASICO-TEC,TECNICAS E INTEG.","3215","INT.ARTIFICIAL Y ROBOTICA","4882","TALLER DE APRENDIZAJE AUTOMATICO","64139","5853"
"BASICO-TEC,TECNICAS E INTEG.","3215","INT.ARTIFICIAL Y ROBOTICA","4882","TALLER DE INICIACION A LOS SISTEMAS CIBER-FISICOS","72209","1888"
"BASICO-TEC,TECNICAS E INTEG.","3215","INT.ARTIFICIAL Y ROBOTICA","4882","TALLER DE ROBÓTICA-CIO CT- INGBIOL","24419","SRN30"
"BASICO-TEC,TECNICAS E INTEG.","3215","INT.ARTIFICIAL Y ROBOTICA","4882","TALLER DE SISTEMAS CIBER-FISICOS","47533","1952"
"BASICO-TEC,TECNICAS E INTEG.","3215","CALCULO NUMERICO Y SIMBOLICO","5020","ALGEBRA LINEAL NUMERICA","20740","5914"
"BASICO-TEC,TECNICAS E INTEG.","3215","CALCULO NUMERICO Y SIMBOLICO","5020","ALGEBRA LINEAL NUMERICA","18825","1040"
"BASICO-TEC,TECNICAS E INTEG.","3215","CALCULO NUMERICO Y SIMBOLICO","5020","ANALISIS DE FOURIER PARA TRATAM.DE IMAGE","18847","1054"
"BASICO-TEC,TECNICAS E INTEG.","3215","CALCULO NUMERICO Y SIMBOLICO","5020","ANALISIS NUMERICO II (P. 74)","19222","CP379"
"BASICO-TEC,TECNICAS E INTEG.","3215","CALCULO NUMERICO Y SIMBOLICO","5020","ANALISIS NUMERICO I (P. 74)","19218","CP377"
"BASICO-TEC,TECNICAS E INTEG.","3215","CALCULO NUMERICO Y SIMBOLICO","5020","APLICACIONES DEL ALGEBRA LINEAL","66042","1872"
"BASICO-TEC,TECNICAS E INTEG.","3215","CALCULO NUMERICO Y SIMBOLICO","5020","CALCULO NUMERICO","18656","CP16"
"BASICO-TEC,TECNICAS E INTEG.","3215","CALCULO NUMERICO Y SIMBOLICO","5020","CALCULO NUMERICO (P. 74)","19217","CP376"
"BASICO-TEC,TECNICAS E INTEG.","3215","CALCULO NUMERICO Y SIMBOLICO","5020","CREDITOS ASIGNADOS POR REVALIDA","44698","CN6"
"BASICO-TEC,TECNICAS E INTEG.","3215","CALCULO NUMERICO Y SIMBOLICO","5020","CREDITOS ASIGNADOS POR REVALIDA","21401","CN3"
"BASICO-TEC,TECNICAS E INTEG.","3215","CALCULO NUMERICO Y SIMBOLICO","5020","METODOS DE MONTE CARLO","18844","1055"
"BASICO-TEC,TECNICAS E INTEG.","3215","CALCULO NUMERICO Y SIMBOLICO","5020","METODOS MONTECARLO","18842","1057"
"BASICO-TEC,TECNICAS E INTEG.","3215","CALCULO NUMERICO Y SIMBOLICO","5020","METODOS NUMERICOS","18861","1079"
"BASICO-TEC,TECNICAS E INTEG.","3215","CALCULO NUMERICO Y SIMBOLICO","5020","METODOS NUMERICOS","18819","1033"
"BASICO-TEC,TECNICAS E INTEG.","3215","CALCULO NUMERICO Y SIMBOLICO","5020","MÉTODOS NUMÉRICOS","24886","CIM20"
"BASICO-TEC,TECNICAS E INTEG.","3215","CALCULO NUMERICO Y SIMBOLICO","5020","METODOS NUMERICOS PARA LA RESOL. DE ECUAC. DIF.","18824","1041"
"BASICO-TEC,TECNICAS E INTEG.","3215","CALCULO NUMERICO Y SIMBOLICO","5020","TEORIA COMPUTACIONAL DE LA GESTALT","18851","1048"
"BASICO-TEC,TECNICAS E INTEG.","3215","INGENIERIA DE SOFTWARE","5082","ARQUITECTURA DE SOFTWARE","20637","1732"
"BASICO-TEC,TECNICAS E INTEG.","3215","INGENIERIA DE SOFTWARE","5082","ARQUITECTURA DE SOFTWARE","20671","1743"
"BASICO-TEC,TECNICAS E INTEG.","3215","INGENIERIA DE SOFTWARE","5082","CREDITOS ASIGNADOS POR REVALIDA","20585","IS14"
"BASICO-TEC,TECNICAS E INTEG.","3215","INGENIERIA DE SOFTWARE","5082","CREDITOS ASIGNADOS POR REVALIDA","19569","SFW10"
"BASICO-TEC,TECNICAS E INTEG.","3215","INGENIERIA DE SOFTWARE","5082","CREDITOS NO ACUM. CON RELACIONES PERS. EN ING. DE SOFT. Y GER. DE PROY.","66869","1758T"
"BASICO-TEC,TECNICAS E INTEG.","3215","INGENIERIA DE SOFTWARE","5082","FORMULACIÓN Y EVALUACIÓN DE PROYECTOS DE INVERSIÓN","14209","D84"
"BASICO-TEC,TECNICAS E INTEG.","3215","INGENIERIA DE SOFTWARE","5082","GESTIÓN DE PROYECTOS","3456","A66"
"BASICO-TEC,TECNICAS E INTEG.","3215","INGENIERIA DE SOFTWARE","5082","GESTION DE SOFTWARE","20631","1737"
"BASICO-TEC,TECNICAS E INTEG.","3215","INGENIERIA DE SOFTWARE","5082","INGENIERIA DE SOFTWARE BASADA EN EVIDENCIAS","65654","2417"
"BASICO-TEC,TECNICAS E INTEG.","3215","INGENIERIA DE SOFTWARE","5082","INGENIERIA DE SOFTWARE BASADA EN EVID.Y REV.SIST.","47536","1772"
"BASICO-TEC,TECNICAS E INTEG.","3215","INGENIERIA DE SOFTWARE","5082","INGENIERIA DE SOFTWARE EMPIRICA","47965","1773"
"BASICO-TEC,TECNICAS E INTEG.","3215","INGENIERIA DE SOFTWARE","5082","INGENIERIA DE SOFTWARE EMPIRICA","42481","1771"
"BASICO-TEC,TECNICAS E INTEG.","3215","INGENIERIA DE SOFTWARE","5082","INT. A LA INGENIERIA DE SOFTWARE","20686","1716"
"BASICO-TEC,TECNICAS E INTEG.","3215","INGENIERIA DE SOFTWARE","5082","INT. A LA INTERAC. PERSONA COMPUTADORA","20632","1736"
"BASICO-TEC,TECNICAS E INTEG.","3215","INGENIERIA DE SOFTWARE","5082","INTERACCION PERSONA COMPUTADORA","20667","1749"
"BASICO-TEC,TECNICAS E INTEG.","3215","INGENIERIA DE SOFTWARE","5082","INVESTIGACION MEDIANTE ENCUESTAS EN COMPUTACION","61734","1782"
"BASICO-TEC,TECNICAS E INTEG.","3215","INGENIERIA DE SOFTWARE","5082","LABORATORIO DE ACCESIBILIDAD A LOS MEDIOS (INV. - EXT.)","72359","O6221"
"BASICO-TEC,TECNICAS E INTEG.","3215","INGENIERIA DE SOFTWARE","5082","PRINC.Y FUND.DEL PROC.PERS.DE SOFTWARE","20781","1767"
"BASICO-TEC,TECNICAS E INTEG.","3215","INGENIERIA DE SOFTWARE","5082","PROFESION EN INGENIERIA DE SOFTWARE","20780","1769"
"BASICO-TEC,TECNICAS E INTEG.","3215","INGENIERIA DE SOFTWARE","5082","PROFESION EN INGENIERIA DE SOFTWARE","53258","1777"
"BASICO-TEC,TECNICAS E INTEG.","3215","INGENIERIA DE SOFTWARE","5082","RELACIONES PERSONALES EN ING. DE SOFT. Y GER. DE PROY.","20641","1728"
"BASICO-TEC,TECNICAS E INTEG.","3215","INGENIERIA DE SOFTWARE","5082","RELACIONES PERSONALES EN ING. DE SOFT. Y GER. DE PROY.","20662","1758"
"BASICO-TEC,TECNICAS E INTEG.","3215","INGENIERIA DE SOFTWARE","5082","TALLER DE ARQUITECTURA DE SOFTWARE","20665","1750"
"BASICO-TEC,TECNICAS E INTEG.","3215","INGENIERIA DE SOFTWARE","5082","TALLER DE ING.DIRIGIDA POR MODELOS","40451","1770"
"BASICO-TEC,TECNICAS E INTEG.","3215","INGENIERIA DE SOFTWARE","5082","TALLER DE INTERACCIÓN","72360","O6311"
"BASICO-TEC,TECNICAS E INTEG.","3215","INGENIERIA DE SOFTWARE","5082","TALLER DE INTERACCION PERSONA COMPUTAD.","20782","1768"
"BASICO-TEC,TECNICAS E INTEG.","3215","INGENIERIA DE SOFTWARE","5082","TALLER DE PLAN Y SEG DE PROY DE SOFTWARE","53289","1778"
"BASICO-TEC,TECNICAS E INTEG.","3215","INGENIERIA DE SOFTWARE","5082","TALLER DE PSP","20660","1752"
"BASICO-TEC,TECNICAS E INTEG.","3215","INGENIERIA DE SOFTWARE","5082","TALLER DE VERIFICACION DEL SOFTWARE","20668","1742"
"BASICO-TEC,TECNICAS E INTEG.","3215","INGENIERIA DE SOFTWARE","5082","TALLER IV (2DO.SEM.)","19231","CP366"
"MATERIAS COMPLEMENTARIAS","3233","CIENCIAS HUMANAS Y SOCIALES","5265","ANALISIS DE INNOVACIONES","18565","1229"
"MATERIAS COMPLEMENTARIAS","3233","CIENCIAS HUMANAS Y SOCIALES","5265","CIENCIA,TECNOLOGÍA, INNOVACIÓN, SOCIEDAD Y DESARROLLO","14129","D78A"
"MATERIAS COMPLEMENTARIAS","3233","CIENCIAS HUMANAS Y SOCIALES","5265","CIENCIA, TECNOLOGIA Y SOCIEDAD","18529","1223"
"MATERIAS COMPLEMENTARIAS","3233","CIENCIAS HUMANAS Y SOCIALES","5265","CIUDADANIA EN ENTORNOS DIGITALES","69090","1270"
"MATERIAS COMPLEMENTARIAS","3233","CIENCIAS HUMANAS Y SOCIALES","5265","CIUDADANIA EN ENTORNOS DIGITALES","73939","1271"
"MATERIAS COMPLEMENTARIAS","3233","CIENCIAS HUMANAS Y SOCIALES","5265","COMUNICACIÓN E INTELIGENCIA ARTIFICIAL (PPP)","78174","24CIA"
"MATERIAS COMPLEMENTARIAS","3233","CIENCIAS HUMANAS Y SOCIALES","5265","COMUNICACIÓN E INTELIGENCIA ARTIFICIAL(PPP)","69891","O2525"
"MATERIAS COMPLEMENTARIAS","3233","CIENCIAS HUMANAS Y SOCIALES","5265","COMUNICACION ORAL Y ESCRITA","18555","1230"
"MATERIAS COMPLEMENTARIAS","3233","CIENCIAS HUMANAS Y SOCIALES","5265","CREDITOS ASIGNADOS POR REVALIDA","21398","CH1"
"MATERIAS COMPLEMENTARIAS","3233","CIENCIAS HUMANAS Y SOCIALES","5265","CREDITOS ASIGNADOS POR REVALIDA","21399","CH8"
"MATERIAS COMPLEMENTARIAS","3233","CIENCIAS HUMANAS Y SOCIALES","5265","CREDITOS ASIGNADOS POR REVALIDA","21396","CH6"
"MATERIAS COMPLEMENTARIAS","3233","CIENCIAS HUMANAS Y SOCIALES","5265","CREDITOS ASIGNADOS POR REVALIDA","57198","CHU10"
"MATERIAS COMPLEMENTARIAS","3233","CIENCIAS HUMANAS Y SOCIALES","5265","CREDITOS ASIGNADOS POR REVALIDA","38090","CHS10"
"MATERIAS COMPLEMENTARIAS","3233","CIENCIAS HUMANAS Y SOCIALES","5265","CREDITOS ASIGNADOS POR REVALIDA","46097","CH5"
"MATERIAS COMPLEMENTARIAS","3233","CIENCIAS HUMANAS Y SOCIALES","5265","CREDITOS ASIGNADOS POR REVALIDA","40608","CH08"
"MATERIAS COMPLEMENTARIAS","3233","CIENCIAS HUMANAS Y SOCIALES","5265","CREDITOS ASIGNADOS POR REVALIDA","38458","CH3"
"MATERIAS COMPLEMENTARIAS","3233","CIENCIAS HUMANAS Y SOCIALES","5265","CREDITOS ASIGNADOS POR REVALIDA","36653","CH04"
"MATERIAS COMPLEMENTARIAS","3233","CIENCIAS HUMANAS Y SOCIALES","5265","CREDITOS ASIGNADOS POR REVALIDA","21397","CH4"
"MATERIAS COMPLEMENTARIAS","3233","CIENCIAS HUMANAS Y SOCIALES","5265","CREDITOS ASIGNADOS POR REVALIDA","20441","CH10"
"MATERIAS COMPLEMENTARIAS","3233","CIENCIAS HUMANAS Y SOCIALES","5265","ECONOMIA","18531","1221"
"MATERIAS COMPLEMENTARIAS","3233","CIENCIAS HUMANAS Y SOCIALES","5265","ECONOMIA","18560","1224"
"MATERIAS COMPLEMENTARIAS","3233","CIENCIAS HUMANAS Y SOCIALES","5265","ECONOMIA POLITICA","18613","CP20"
"MATERIAS COMPLEMENTARIAS","3233","CIENCIAS HUMANAS Y SOCIALES","5265","ECONOMÍA POLÍTICA","24414","SRN13"
"MATERIAS COMPLEMENTARIAS","3233","CIENCIAS HUMANAS Y SOCIALES","5265","ECONOMIA Y FINANZAS (P. 74)","19373","CP174"
"MATERIAS COMPLEMENTARIAS","3233","CIENCIAS HUMANAS Y SOCIALES","5265","EPISTEMOLOGÍA","63498","558EU"
"MATERIAS COMPLEMENTARIAS","3233","CIENCIAS HUMANAS Y SOCIALES","5265","EPISTEMOLOGIA, ETICA Y EDUCACION","65162","C216"
"MATERIAS COMPLEMENTARIAS","3233","CIENCIAS HUMANAS Y SOCIALES","5265","EPIST. GENET. Y APL. A LA DIDAC. EN INF.","43653","GP3"
"MATERIAS COMPLEMENTARIAS","3233","CIENCIAS HUMANAS Y SOCIALES","5265","ETICA I","28821","FD1"
"MATERIAS COMPLEMENTARIAS","3233","CIENCIAS HUMANAS Y SOCIALES","5265","METODOLOGÍAS DE INVESTIGACIÓN","63422","AT002"
"MATERIAS COMPLEMENTARIAS","3233","CIENCIAS HUMANAS Y SOCIALES","5265","POLITICAS CIENTIFICAS EN INF.Y COMP.","18561","1225"
"MATERIAS COMPLEMENTARIAS","3233","CIENCIAS HUMANAS Y SOCIALES","5265","TECNOLOGÍA DE MEDIOS AL SERVICIO DE LA PRESERVACIÓN DEL PATRIMONIO HISTÓRICO","72358","O6211"
"MATERIAS COMPLEMENTARIAS","3233","CIENCIAS HUMANAS Y SOCIALES","5265","TECNOLOGÍAS DE DIGITALIZACIÓN Y TRANSCODIFICACIÓN. IDENTIFICACIÓN Y PRESERVACIÓN","74174","O7246"
"MATERIAS COMPLEMENTARIAS","3233","CIENCIAS HUMANAS Y SOCIALES","5265","TECNOLOGIA Y SOCIEDAD","18650","CP18"
"MATERIAS COMPLEMENTARIAS","3233","CIENCIAS HUMANAS Y SOCIALES","5265","TEORÍAS Y PRÁCTICAS DE LA ACCESIBILIDAD EN LA COMUNICACIÓN - LIM","74595","O6521"
"MATERIAS OPCIONALES","3582","","","APLICACIONES DE TEORIA DE LA INFORMACION AL PROC. DE IMAG.","18411","1438"
"MATERIAS OPCIONALES","3582","","","BIONFORMÁTICA","65436","736EU"
"MATERIAS OPCIONALES","3582","","","BIONFORMÁTICA ESTRUCTURAL","65438","836EU"
"MATERIAS OPCIONALES","3582","","","COMPRENSIÓN LECTORA DE INGLÉS","24402","SRN22"
"MATERIAS OPCIONALES","3582","","","CREDITOS ASIGNADOS POR REVALIDA","21919","MOP10"
"MATERIAS OPCIONALES","3582","","","CREDITOS ASIGNADOS POR REVALIDA","56949","MOP8"
"MATERIAS OPCIONALES","3582","","","CREDITOS ASIGNADOS POR REVALIDA","21935","MOP20"
"MATERIAS OPCIONALES","3582","","","CREDITOS ASIGNADOS POR REVALIDA","21940","MOP30"
"MATERIAS OPCIONALES","3582","","","CREDITOS ASIGNADOS POR REVALIDA","21039","MOP1"
"MATERIAS OPCIONALES","3582","","","ESTRATEGIAS PARA APRENDER: DESARROLLANDO ESTRATEGIAS P/ESTUDIAR EN LA UNIV.","78118","M014"
"MATERIAS OPCIONALES","3582","","","IMAGENES MEDICAS:ADQ. INSTRUM. Y GESTION","19915","5709"
"MATERIAS OPCIONALES","3582","","","IMAGENES MEDICAS: ADQUISICION, INSTRUMENTACION Y GESTION","19918","5707"
"MATERIAS OPCIONALES","3582","","","INGLES CIENTÍFICO","63510","816EU"
"MATERIAS OPCIONALES","3582","","","INGLES PARA FINES UNIVERSITARIOS I","67363","INFU1"
"MATERIAS OPCIONALES","3582","","","INICIACION A LA PROD. AUDIOVIS. Y MULTIMEDIA","42478","2040"
"MATERIAS OPCIONALES","3582","","","MODELADO 3D PARA PRODUCCION DIGITAL (PERFIL PRODUCTO)","63429","AT009"
"MATERIAS OPCIONALES","3582","","","MODULO DE EXTENSION A","20655","1760"
"MATERIAS OPCIONALES","3582","","","MODULO DE EXTENSION B","20652","1761"
"MATERIAS OPCIONALES","3582","","","MODULO DE EXTENSION C","20654","1762"
"MATERIAS OPCIONALES","3582","","","MODULO DE EXTENSION D","20778","1763"
"MATERIAS OPCIONALES","3582","","","PLANIFICACION DE CLASES: DISEÑO DE UNID.DIDACT.","18533","1213"
"MATERIAS OPCIONALES","3582","","","PROBLEMAS DE DISEÑO","63423","AT003"
"MATERIAS OPCIONALES","3582","","","PRODUCCIÓN AUDIOVISUAL INTERACTIVA II","65119","AT021"
"MATERIAS OPCIONALES","3582","","","PRODUCCIÓN GRÁFICA 3D II","65121","AT023"
"MATERIAS OPCIONALES","3582","","","REDACC. TEC. DE TESIS Y ART. CIENTIF.","43654","GP4"
"MATERIAS OPCIONALES","3582","","","SEMINARIO SOBRE ENCUENTROS ENTRE ARTE Y TECNOLOGIAS","76028","1236"
"MATERIAS OPCIONALES","3582","","","SENSIBILIZACIÓN E INTERCAMBIO PARA LA EQUIDAD","68371","AT001"
"MATERIAS OPCIONALES","3582","","","TALLER DE COMUNICACIÓN ORAL Y ESCRITA","63528","2107A"
"MATERIAS OPCIONALES","3582","","","TALLER ENCARARE 1:CREATIVIDAD E INNOVAC.","22154","2034"
"MATERIAS OPCIONALES","3582","","","TALLER ENCARARE 2:PLANIF.DE LA FUT.EMPR.","22152","2036"
"MATERIAS OPCIONALES","3582","","","TALLER ENCARARE: CREAR","47525","1216"
"MATERIAS OPCIONALES","3582","","","TALLER: HERRAMIENTAS PARA LA INNOVACION","46783","1951"
"MATERIAS OPCIONALES","3582","","","TALLER INTERDISCIPLINARIO","24404","SRN25"
"MATERIAS OPCIONALES","3582","","","TEATRO Y MATEMATICA","22099","2222"
"MATERIAS OPCIONALES","3582","","","TRATAMIENTO DE IMAGENES POR COMPUTADORA","19797","5828"
"MATERIAS OPCIONALES","3582","","","TUTORIAS ENTRE PARES 1","49809","2216"
"MATERIAS OPCIONALES","3582","","","TUTORIAS ENTRE PARES 2","49810","2217"
"MATERIAS OPCIONALES","3582","","","TUTORIAS ENTRE PARES ACADEMICAS PROGRESA/FING","78269","5005"
